-- Generated by generate_large_users.py
SET FOREIGN_KEY_CHECKS = 0;

-- users
INSERT INTO users (uid, username, email, password_hash, gender, age, city) VALUES
(1000, 'user1000', 'user1000@example.com', 'hash_1000', 'male', 13, 'Metropolis'),
(1001, 'user1001', 'user1001@example.com', 'hash_1001', 'female', 26, 'Oldtown'),
(1002, 'user1002', 'user1002@example.com', 'hash_1002', 'male', 55, NULL),
(1003, 'user1003', 'user1003@example.com', 'hash_1003', 'male', 49, 'Lakeside'),
(1004, 'user1004', 'user1004@example.com', 'hash_1004', 'male', 13, 'Newtown'),
(1005, 'user1005', 'user1005@example.com', 'hash_1005', 'female', 26, NULL),
(1006, 'user1006', 'user1006@example.com', 'hash_1006', NULL, 13, NULL),
(1007, 'user1007', 'user1007@example.com', 'hash_1007', 'female', 57, NULL),
(1008, 'user1008', 'user1008@example.com', 'hash_1008', 'other', 26, 'Lakeside'),
(1009, 'user1009', 'user1009@example.com', 'hash_1009', NULL, 29, 'Newtown'),
(1010, 'user1010', 'user1010@example.com', 'hash_1010', 'female', 56, 'Lakeside'),
(1011, 'user1011', 'user1011@example.com', 'hash_1011', 'nonbinary', 29, 'Oldtown'),
(1012, 'user1012', 'user1012@example.com', 'hash_1012', 'female', 73, 'Metropolis'),
(1013, 'user1013', 'user1013@example.com', 'hash_1013', 'male', 17, 'Lakeside'),
(1014, 'user1014', 'user1014@example.com', 'hash_1014', 'male', 34, 'Metropolis'),
(1015, 'user1015', 'user1015@example.com', 'hash_1015', NULL, 28, 'Newtown'),
(1016, 'user1016', 'user1016@example.com', 'hash_1016', 'other', 46, 'Newtown'),
(1017, 'user1017', 'user1017@example.com', 'hash_1017', 'other', 17, NULL),
(1018, 'user1018', 'user1018@example.com', 'hash_1018', 'nonbinary', 65, NULL),
(1019, 'user1019', 'user1019@example.com', 'hash_1019', 'nonbinary', 48, 'Oldtown'),
(1020, 'user1020', 'user1020@example.com', 'hash_1020', 'male', 14, 'Oldtown'),
(1021, 'user1021', 'user1021@example.com', 'hash_1021', 'nonbinary', 17, 'Oldtown'),
(1022, 'user1022', 'user1022@example.com', 'hash_1022', 'male', 36, 'Metropolis'),
(1023, 'user1023', 'user1023@example.com', 'hash_1023', 'other', 52, 'Metropolis'),
(1024, 'user1024', 'user1024@example.com', 'hash_1024', 'female', 35, 'Metropolis'),
(1025, 'user1025', 'user1025@example.com', 'hash_1025', 'female', 54, 'Metropolis'),
(1026, 'user1026', 'user1026@example.com', 'hash_1026', 'male', 50, 'Oldtown'),
(1027, 'user1027', 'user1027@example.com', 'hash_1027', NULL, 58, 'Oldtown'),
(1028, 'user1028', 'user1028@example.com', 'hash_1028', 'female', 41, 'Lakeside'),
(1029, 'user1029', 'user1029@example.com', 'hash_1029', 'nonbinary', 71, NULL),
(1030, 'user1030', 'user1030@example.com', 'hash_1030', 'female', 55, 'Metropolis'),
(1031, 'user1031', 'user1031@example.com', 'hash_1031', 'male', 26, 'Newtown'),
(1032, 'user1032', 'user1032@example.com', 'hash_1032', 'nonbinary', 37, 'Metropolis'),
(1033, 'user1033', 'user1033@example.com', 'hash_1033', 'male', 25, NULL),
(1034, 'user1034', 'user1034@example.com', 'hash_1034', 'nonbinary', 25, 'Lakeside'),
(1035, 'user1035', 'user1035@example.com', 'hash_1035', 'other', 68, 'Lakeside'),
(1036, 'user1036', 'user1036@example.com', 'hash_1036', 'female', 28, 'Oldtown'),
(1037, 'user1037', 'user1037@example.com', 'hash_1037', 'female', 59, NULL),
(1038, 'user1038', 'user1038@example.com', 'hash_1038', NULL, 28, NULL),
(1039, 'user1039', 'user1039@example.com', 'hash_1039', 'other', 69, NULL),
(1040, 'user1040', 'user1040@example.com', 'hash_1040', 'other', 35, 'Oldtown'),
(1041, 'user1041', 'user1041@example.com', 'hash_1041', 'female', 44, 'Lakeside'),
(1042, 'user1042', 'user1042@example.com', 'hash_1042', 'male', 60, 'Newtown'),
(1043, 'user1043', 'user1043@example.com', 'hash_1043', 'male', 21, 'Oldtown'),
(1044, 'user1044', 'user1044@example.com', 'hash_1044', 'other', 50, 'Newtown'),
(1045, 'user1045', 'user1045@example.com', 'hash_1045', 'other', 36, NULL),
(1046, 'user1046', 'user1046@example.com', 'hash_1046', 'other', 45, 'Metropolis'),
(1047, 'user1047', 'user1047@example.com', 'hash_1047', NULL, 67, 'Newtown'),
(1048, 'user1048', 'user1048@example.com', 'hash_1048', 'male', 55, NULL),
(1049, 'user1049', 'user1049@example.com', 'hash_1049', 'nonbinary', 61, 'Metropolis'),
(1050, 'user1050', 'user1050@example.com', 'hash_1050', 'male', 30, 'Lakeside'),
(1051, 'user1051', 'user1051@example.com', 'hash_1051', 'female', 41, 'Newtown'),
(1052, 'user1052', 'user1052@example.com', 'hash_1052', 'nonbinary', 74, NULL),
(1053, 'user1053', 'user1053@example.com', 'hash_1053', 'female', 44, 'Newtown'),
(1054, 'user1054', 'user1054@example.com', 'hash_1054', 'nonbinary', 65, NULL),
(1055, 'user1055', 'user1055@example.com', 'hash_1055', NULL, 24, 'Oldtown'),
(1056, 'user1056', 'user1056@example.com', 'hash_1056', 'nonbinary', 60, 'Oldtown'),
(1057, 'user1057', 'user1057@example.com', 'hash_1057', NULL, 73, NULL),
(1058, 'user1058', 'user1058@example.com', 'hash_1058', 'male', 50, 'Metropolis'),
(1059, 'user1059', 'user1059@example.com', 'hash_1059', 'other', 13, 'Newtown'),
(1060, 'user1060', 'user1060@example.com', 'hash_1060', 'nonbinary', 68, 'Metropolis'),
(1061, 'user1061', 'user1061@example.com', 'hash_1061', 'female', 15, 'Oldtown'),
(1062, 'user1062', 'user1062@example.com', 'hash_1062', NULL, 72, 'Newtown'),
(1063, 'user1063', 'user1063@example.com', 'hash_1063', 'male', 58, 'Lakeside'),
(1064, 'user1064', 'user1064@example.com', 'hash_1064', 'male', 74, NULL),
(1065, 'user1065', 'user1065@example.com', 'hash_1065', 'female', 20, 'Lakeside'),
(1066, 'user1066', 'user1066@example.com', 'hash_1066', NULL, 22, 'Metropolis'),
(1067, 'user1067', 'user1067@example.com', 'hash_1067', NULL, 67, NULL),
(1068, 'user1068', 'user1068@example.com', 'hash_1068', 'other', 73, 'Oldtown'),
(1069, 'user1069', 'user1069@example.com', 'hash_1069', NULL, 60, 'Oldtown'),
(1070, 'user1070', 'user1070@example.com', 'hash_1070', 'nonbinary', 37, 'Metropolis'),
(1071, 'user1071', 'user1071@example.com', 'hash_1071', 'other', 69, NULL),
(1072, 'user1072', 'user1072@example.com', 'hash_1072', 'other', 19, 'Oldtown'),
(1073, 'user1073', 'user1073@example.com', 'hash_1073', 'female', 16, 'Metropolis'),
(1074, 'user1074', 'user1074@example.com', 'hash_1074', 'male', 49, NULL),
(1075, 'user1075', 'user1075@example.com', 'hash_1075', 'female', 49, 'Oldtown'),
(1076, 'user1076', 'user1076@example.com', 'hash_1076', 'male', 16, 'Newtown'),
(1077, 'user1077', 'user1077@example.com', 'hash_1077', 'female', 16, 'Newtown'),
(1078, 'user1078', 'user1078@example.com', 'hash_1078', 'nonbinary', 16, NULL),
(1079, 'user1079', 'user1079@example.com', 'hash_1079', 'female', 29, 'Lakeside'),
(1080, 'user1080', 'user1080@example.com', 'hash_1080', 'female', 46, 'Oldtown'),
(1081, 'user1081', 'user1081@example.com', 'hash_1081', NULL, 48, 'Lakeside'),
(1082, 'user1082', 'user1082@example.com', 'hash_1082', 'female', 62, 'Lakeside'),
(1083, 'user1083', 'user1083@example.com', 'hash_1083', 'other', 24, 'Newtown'),
(1084, 'user1084', 'user1084@example.com', 'hash_1084', 'male', 54, 'Lakeside'),
(1085, 'user1085', 'user1085@example.com', 'hash_1085', 'nonbinary', 39, 'Lakeside'),
(1086, 'user1086', 'user1086@example.com', 'hash_1086', 'other', 67, 'Newtown'),
(1087, 'user1087', 'user1087@example.com', 'hash_1087', 'male', 15, 'Lakeside'),
(1088, 'user1088', 'user1088@example.com', 'hash_1088', 'nonbinary', 63, 'Newtown'),
(1089, 'user1089', 'user1089@example.com', 'hash_1089', 'female', 24, 'Oldtown'),
(1090, 'user1090', 'user1090@example.com', 'hash_1090', NULL, 40, 'Oldtown'),
(1091, 'user1091', 'user1091@example.com', 'hash_1091', 'other', 23, 'Metropolis'),
(1092, 'user1092', 'user1092@example.com', 'hash_1092', 'other', 27, 'Newtown'),
(1093, 'user1093', 'user1093@example.com', 'hash_1093', 'other', 63, NULL),
(1094, 'user1094', 'user1094@example.com', 'hash_1094', 'male', 15, NULL),
(1095, 'user1095', 'user1095@example.com', 'hash_1095', 'male', 74, 'Newtown'),
(1096, 'user1096', 'user1096@example.com', 'hash_1096', 'female', 22, 'Lakeside'),
(1097, 'user1097', 'user1097@example.com', 'hash_1097', 'other', 42, 'Oldtown'),
(1098, 'user1098', 'user1098@example.com', 'hash_1098', 'other', 69, 'Newtown'),
(1099, 'user1099', 'user1099@example.com', 'hash_1099', 'female', 36, 'Newtown'),
(1100, 'user1100', 'user1100@example.com', 'hash_1100', 'other', 28, 'Lakeside'),
(1101, 'user1101', 'user1101@example.com', 'hash_1101', 'nonbinary', 39, NULL),
(1102, 'user1102', 'user1102@example.com', 'hash_1102', 'other', 21, 'Oldtown'),
(1103, 'user1103', 'user1103@example.com', 'hash_1103', 'nonbinary', 25, 'Newtown'),
(1104, 'user1104', 'user1104@example.com', 'hash_1104', NULL, 59, NULL),
(1105, 'user1105', 'user1105@example.com', 'hash_1105', 'male', 59, 'Metropolis'),
(1106, 'user1106', 'user1106@example.com', 'hash_1106', 'male', 15, NULL),
(1107, 'user1107', 'user1107@example.com', 'hash_1107', 'other', 44, NULL),
(1108, 'user1108', 'user1108@example.com', 'hash_1108', 'female', 15, NULL),
(1109, 'user1109', 'user1109@example.com', 'hash_1109', 'male', 66, 'Oldtown'),
(1110, 'user1110', 'user1110@example.com', 'hash_1110', 'male', 50, 'Newtown'),
(1111, 'user1111', 'user1111@example.com', 'hash_1111', 'female', 37, 'Newtown'),
(1112, 'user1112', 'user1112@example.com', 'hash_1112', NULL, 27, NULL),
(1113, 'user1113', 'user1113@example.com', 'hash_1113', NULL, 14, NULL),
(1114, 'user1114', 'user1114@example.com', 'hash_1114', 'male', 38, NULL),
(1115, 'user1115', 'user1115@example.com', 'hash_1115', NULL, 45, 'Metropolis'),
(1116, 'user1116', 'user1116@example.com', 'hash_1116', 'nonbinary', 25, 'Metropolis'),
(1117, 'user1117', 'user1117@example.com', 'hash_1117', 'female', 28, 'Lakeside'),
(1118, 'user1118', 'user1118@example.com', 'hash_1118', 'female', 54, 'Metropolis'),
(1119, 'user1119', 'user1119@example.com', 'hash_1119', 'other', 32, 'Newtown'),
(1120, 'user1120', 'user1120@example.com', 'hash_1120', 'male', 41, NULL),
(1121, 'user1121', 'user1121@example.com', 'hash_1121', NULL, 18, 'Newtown'),
(1122, 'user1122', 'user1122@example.com', 'hash_1122', NULL, 25, NULL),
(1123, 'user1123', 'user1123@example.com', 'hash_1123', 'nonbinary', 20, 'Metropolis'),
(1124, 'user1124', 'user1124@example.com', 'hash_1124', 'male', 68, 'Oldtown'),
(1125, 'user1125', 'user1125@example.com', 'hash_1125', 'nonbinary', 30, 'Oldtown'),
(1126, 'user1126', 'user1126@example.com', 'hash_1126', 'other', 65, NULL),
(1127, 'user1127', 'user1127@example.com', 'hash_1127', 'nonbinary', 51, NULL),
(1128, 'user1128', 'user1128@example.com', 'hash_1128', 'male', 54, NULL),
(1129, 'user1129', 'user1129@example.com', 'hash_1129', 'nonbinary', 71, 'Newtown'),
(1130, 'user1130', 'user1130@example.com', 'hash_1130', 'female', 28, 'Newtown'),
(1131, 'user1131', 'user1131@example.com', 'hash_1131', 'male', 59, NULL),
(1132, 'user1132', 'user1132@example.com', 'hash_1132', 'female', 29, 'Metropolis'),
(1133, 'user1133', 'user1133@example.com', 'hash_1133', NULL, 25, 'Metropolis'),
(1134, 'user1134', 'user1134@example.com', 'hash_1134', 'female', 55, 'Metropolis'),
(1135, 'user1135', 'user1135@example.com', 'hash_1135', NULL, 43, 'Metropolis'),
(1136, 'user1136', 'user1136@example.com', 'hash_1136', 'male', 17, 'Lakeside'),
(1137, 'user1137', 'user1137@example.com', 'hash_1137', 'nonbinary', 14, 'Newtown'),
(1138, 'user1138', 'user1138@example.com', 'hash_1138', 'nonbinary', 61, 'Oldtown'),
(1139, 'user1139', 'user1139@example.com', 'hash_1139', 'nonbinary', 22, 'Lakeside'),
(1140, 'user1140', 'user1140@example.com', 'hash_1140', NULL, 57, 'Lakeside'),
(1141, 'user1141', 'user1141@example.com', 'hash_1141', NULL, NULL, 'Newtown'),
(1142, 'user1142', 'user1142@example.com', 'hash_1142', 'male', 72, 'Oldtown'),
(1143, 'user1143', 'user1143@example.com', 'hash_1143', NULL, 14, 'Metropolis'),
(1144, 'user1144', 'user1144@example.com', 'hash_1144', NULL, 47, 'Oldtown'),
(1145, 'user1145', 'user1145@example.com', 'hash_1145', 'other', 20, 'Newtown'),
(1146, 'user1146', 'user1146@example.com', 'hash_1146', 'nonbinary', 35, 'Newtown'),
(1147, 'user1147', 'user1147@example.com', 'hash_1147', 'nonbinary', 25, 'Oldtown'),
(1148, 'user1148', 'user1148@example.com', 'hash_1148', 'male', 34, NULL),
(1149, 'user1149', 'user1149@example.com', 'hash_1149', 'other', 74, NULL),
(1150, 'user1150', 'user1150@example.com', 'hash_1150', 'female', 71, 'Oldtown'),
(1151, 'user1151', 'user1151@example.com', 'hash_1151', 'female', 74, 'Oldtown'),
(1152, 'user1152', 'user1152@example.com', 'hash_1152', 'other', 13, 'Oldtown'),
(1153, 'user1153', 'user1153@example.com', 'hash_1153', 'nonbinary', 62, 'Lakeside'),
(1154, 'user1154', 'user1154@example.com', 'hash_1154', 'female', 29, 'Oldtown'),
(1155, 'user1155', 'user1155@example.com', 'hash_1155', 'male', 36, 'Newtown'),
(1156, 'user1156', 'user1156@example.com', 'hash_1156', 'other', 26, 'Oldtown'),
(1157, 'user1157', 'user1157@example.com', 'hash_1157', 'other', 34, 'Metropolis'),
(1158, 'user1158', 'user1158@example.com', 'hash_1158', 'female', 26, 'Newtown'),
(1159, 'user1159', 'user1159@example.com', 'hash_1159', 'female', 37, 'Metropolis'),
(1160, 'user1160', 'user1160@example.com', 'hash_1160', 'nonbinary', 67, 'Newtown'),
(1161, 'user1161', 'user1161@example.com', 'hash_1161', 'nonbinary', 34, NULL),
(1162, 'user1162', 'user1162@example.com', 'hash_1162', 'other', 55, NULL),
(1163, 'user1163', 'user1163@example.com', 'hash_1163', 'nonbinary', 72, 'Newtown'),
(1164, 'user1164', 'user1164@example.com', 'hash_1164', 'male', 68, 'Metropolis'),
(1165, 'user1165', 'user1165@example.com', 'hash_1165', 'female', 49, 'Metropolis'),
(1166, 'user1166', 'user1166@example.com', 'hash_1166', 'male', 18, NULL),
(1167, 'user1167', 'user1167@example.com', 'hash_1167', 'other', 34, 'Metropolis'),
(1168, 'user1168', 'user1168@example.com', 'hash_1168', 'other', 50, NULL),
(1169, 'user1169', 'user1169@example.com', 'hash_1169', 'male', 36, NULL),
(1170, 'user1170', 'user1170@example.com', 'hash_1170', 'female', 28, 'Newtown'),
(1171, 'user1171', 'user1171@example.com', 'hash_1171', 'other', NULL, NULL),
(1172, 'user1172', 'user1172@example.com', 'hash_1172', NULL, 55, 'Oldtown'),
(1173, 'user1173', 'user1173@example.com', 'hash_1173', 'nonbinary', 39, 'Newtown'),
(1174, 'user1174', 'user1174@example.com', 'hash_1174', 'nonbinary', 51, 'Metropolis'),
(1175, 'user1175', 'user1175@example.com', 'hash_1175', 'male', 58, 'Metropolis'),
(1176, 'user1176', 'user1176@example.com', 'hash_1176', NULL, 31, 'Lakeside'),
(1177, 'user1177', 'user1177@example.com', 'hash_1177', 'nonbinary', 37, 'Metropolis'),
(1178, 'user1178', 'user1178@example.com', 'hash_1178', NULL, 20, 'Oldtown'),
(1179, 'user1179', 'user1179@example.com', 'hash_1179', 'other', 54, 'Lakeside'),
(1180, 'user1180', 'user1180@example.com', 'hash_1180', 'female', 51, NULL),
(1181, 'user1181', 'user1181@example.com', 'hash_1181', 'nonbinary', 37, NULL),
(1182, 'user1182', 'user1182@example.com', 'hash_1182', 'male', 31, 'Metropolis'),
(1183, 'user1183', 'user1183@example.com', 'hash_1183', 'female', 39, NULL),
(1184, 'user1184', 'user1184@example.com', 'hash_1184', NULL, 53, 'Metropolis'),
(1185, 'user1185', 'user1185@example.com', 'hash_1185', 'other', 40, 'Lakeside'),
(1186, 'user1186', 'user1186@example.com', 'hash_1186', 'female', 44, 'Lakeside'),
(1187, 'user1187', 'user1187@example.com', 'hash_1187', 'female', 54, 'Newtown'),
(1188, 'user1188', 'user1188@example.com', 'hash_1188', 'nonbinary', 44, NULL),
(1189, 'user1189', 'user1189@example.com', 'hash_1189', 'nonbinary', 17, 'Oldtown'),
(1190, 'user1190', 'user1190@example.com', 'hash_1190', 'nonbinary', 26, 'Oldtown'),
(1191, 'user1191', 'user1191@example.com', 'hash_1191', 'female', 13, 'Newtown'),
(1192, 'user1192', 'user1192@example.com', 'hash_1192', 'female', 74, 'Lakeside'),
(1193, 'user1193', 'user1193@example.com', 'hash_1193', NULL, 66, 'Newtown'),
(1194, 'user1194', 'user1194@example.com', 'hash_1194', 'other', 38, NULL),
(1195, 'user1195', 'user1195@example.com', 'hash_1195', 'female', 57, 'Lakeside'),
(1196, 'user1196', 'user1196@example.com', 'hash_1196', 'other', 37, 'Oldtown'),
(1197, 'user1197', 'user1197@example.com', 'hash_1197', 'female', 53, 'Newtown'),
(1198, 'user1198', 'user1198@example.com', 'hash_1198', 'male', 61, 'Lakeside'),
(1199, 'user1199', 'user1199@example.com', 'hash_1199', 'female', 23, NULL),
(1200, 'user1200', 'user1200@example.com', 'hash_1200', 'other', 15, NULL),
(1201, 'user1201', 'user1201@example.com', 'hash_1201', 'female', 70, 'Newtown'),
(1202, 'user1202', 'user1202@example.com', 'hash_1202', 'other', 20, 'Lakeside'),
(1203, 'user1203', 'user1203@example.com', 'hash_1203', NULL, 47, NULL),
(1204, 'user1204', 'user1204@example.com', 'hash_1204', 'nonbinary', 72, 'Lakeside'),
(1205, 'user1205', 'user1205@example.com', 'hash_1205', NULL, 64, NULL),
(1206, 'user1206', 'user1206@example.com', 'hash_1206', 'other', 65, NULL),
(1207, 'user1207', 'user1207@example.com', 'hash_1207', 'other', 69, 'Oldtown'),
(1208, 'user1208', 'user1208@example.com', 'hash_1208', 'other', 40, 'Metropolis'),
(1209, 'user1209', 'user1209@example.com', 'hash_1209', 'female', 65, 'Metropolis'),
(1210, 'user1210', 'user1210@example.com', 'hash_1210', NULL, 43, 'Oldtown'),
(1211, 'user1211', 'user1211@example.com', 'hash_1211', 'nonbinary', 40, 'Newtown'),
(1212, 'user1212', 'user1212@example.com', 'hash_1212', 'nonbinary', 27, 'Metropolis'),
(1213, 'user1213', 'user1213@example.com', 'hash_1213', 'nonbinary', 32, NULL),
(1214, 'user1214', 'user1214@example.com', 'hash_1214', 'male', 20, 'Oldtown'),
(1215, 'user1215', 'user1215@example.com', 'hash_1215', 'female', 36, 'Oldtown'),
(1216, 'user1216', 'user1216@example.com', 'hash_1216', 'female', 16, 'Lakeside'),
(1217, 'user1217', 'user1217@example.com', 'hash_1217', 'other', 33, NULL),
(1218, 'user1218', 'user1218@example.com', 'hash_1218', 'other', 38, 'Newtown'),
(1219, 'user1219', 'user1219@example.com', 'hash_1219', 'female', 65, 'Lakeside'),
(1220, 'user1220', 'user1220@example.com', 'hash_1220', 'other', 69, NULL),
(1221, 'user1221', 'user1221@example.com', 'hash_1221', 'male', 66, NULL),
(1222, 'user1222', 'user1222@example.com', 'hash_1222', 'other', 42, 'Newtown'),
(1223, 'user1223', 'user1223@example.com', 'hash_1223', 'nonbinary', 31, 'Lakeside'),
(1224, 'user1224', 'user1224@example.com', 'hash_1224', 'other', 46, NULL),
(1225, 'user1225', 'user1225@example.com', 'hash_1225', NULL, 69, 'Oldtown'),
(1226, 'user1226', 'user1226@example.com', 'hash_1226', 'other', 26, 'Metropolis'),
(1227, 'user1227', 'user1227@example.com', 'hash_1227', 'other', 43, 'Newtown'),
(1228, 'user1228', 'user1228@example.com', 'hash_1228', 'other', 33, 'Lakeside'),
(1229, 'user1229', 'user1229@example.com', 'hash_1229', 'female', 65, 'Lakeside'),
(1230, 'user1230', 'user1230@example.com', 'hash_1230', 'female', 74, NULL),
(1231, 'user1231', 'user1231@example.com', 'hash_1231', NULL, 13, 'Lakeside'),
(1232, 'user1232', 'user1232@example.com', 'hash_1232', NULL, 48, 'Newtown'),
(1233, 'user1233', 'user1233@example.com', 'hash_1233', 'male', 53, 'Lakeside'),
(1234, 'user1234', 'user1234@example.com', 'hash_1234', 'female', 67, 'Lakeside'),
(1235, 'user1235', 'user1235@example.com', 'hash_1235', 'female', 15, 'Metropolis'),
(1236, 'user1236', 'user1236@example.com', 'hash_1236', 'other', 32, 'Oldtown'),
(1237, 'user1237', 'user1237@example.com', 'hash_1237', 'other', 32, 'Metropolis'),
(1238, 'user1238', 'user1238@example.com', 'hash_1238', 'other', 29, 'Lakeside'),
(1239, 'user1239', 'user1239@example.com', 'hash_1239', 'nonbinary', 65, 'Newtown'),
(1240, 'user1240', 'user1240@example.com', 'hash_1240', 'other', 13, NULL),
(1241, 'user1241', 'user1241@example.com', 'hash_1241', 'male', 72, 'Metropolis'),
(1242, 'user1242', 'user1242@example.com', 'hash_1242', 'female', 53, 'Newtown'),
(1243, 'user1243', 'user1243@example.com', 'hash_1243', 'male', 60, 'Newtown'),
(1244, 'user1244', 'user1244@example.com', 'hash_1244', 'female', 24, 'Newtown'),
(1245, 'user1245', 'user1245@example.com', 'hash_1245', NULL, 21, 'Oldtown'),
(1246, 'user1246', 'user1246@example.com', 'hash_1246', 'female', 42, 'Newtown'),
(1247, 'user1247', 'user1247@example.com', 'hash_1247', NULL, 72, 'Oldtown'),
(1248, 'user1248', 'user1248@example.com', 'hash_1248', 'other', 56, 'Metropolis'),
(1249, 'user1249', 'user1249@example.com', 'hash_1249', 'nonbinary', 22, NULL),
(1250, 'user1250', 'user1250@example.com', 'hash_1250', NULL, 73, 'Newtown'),
(1251, 'user1251', 'user1251@example.com', 'hash_1251', 'female', 73, 'Metropolis'),
(1252, 'user1252', 'user1252@example.com', 'hash_1252', 'male', 49, 'Newtown'),
(1253, 'user1253', 'user1253@example.com', 'hash_1253', 'nonbinary', 48, 'Lakeside'),
(1254, 'user1254', 'user1254@example.com', 'hash_1254', 'other', 72, 'Oldtown'),
(1255, 'user1255', 'user1255@example.com', 'hash_1255', 'male', 49, 'Oldtown'),
(1256, 'user1256', 'user1256@example.com', 'hash_1256', 'male', 56, 'Metropolis'),
(1257, 'user1257', 'user1257@example.com', 'hash_1257', NULL, 63, 'Newtown'),
(1258, 'user1258', 'user1258@example.com', 'hash_1258', NULL, 62, 'Newtown'),
(1259, 'user1259', 'user1259@example.com', 'hash_1259', 'nonbinary', 46, 'Lakeside'),
(1260, 'user1260', 'user1260@example.com', 'hash_1260', 'nonbinary', 16, NULL),
(1261, 'user1261', 'user1261@example.com', 'hash_1261', 'nonbinary', NULL, 'Lakeside'),
(1262, 'user1262', 'user1262@example.com', 'hash_1262', 'other', 18, 'Lakeside'),
(1263, 'user1263', 'user1263@example.com', 'hash_1263', 'nonbinary', 52, 'Lakeside'),
(1264, 'user1264', 'user1264@example.com', 'hash_1264', 'female', 39, 'Oldtown'),
(1265, 'user1265', 'user1265@example.com', 'hash_1265', NULL, 73, 'Metropolis'),
(1266, 'user1266', 'user1266@example.com', 'hash_1266', NULL, 63, NULL),
(1267, 'user1267', 'user1267@example.com', 'hash_1267', 'other', 41, 'Lakeside'),
(1268, 'user1268', 'user1268@example.com', 'hash_1268', NULL, 29, 'Metropolis'),
(1269, 'user1269', 'user1269@example.com', 'hash_1269', 'female', 65, 'Newtown'),
(1270, 'user1270', 'user1270@example.com', 'hash_1270', 'nonbinary', 68, 'Lakeside'),
(1271, 'user1271', 'user1271@example.com', 'hash_1271', 'female', 60, 'Lakeside'),
(1272, 'user1272', 'user1272@example.com', 'hash_1272', NULL, 51, 'Lakeside'),
(1273, 'user1273', 'user1273@example.com', 'hash_1273', 'nonbinary', 13, 'Lakeside'),
(1274, 'user1274', 'user1274@example.com', 'hash_1274', 'nonbinary', 23, 'Lakeside'),
(1275, 'user1275', 'user1275@example.com', 'hash_1275', 'female', 34, 'Metropolis'),
(1276, 'user1276', 'user1276@example.com', 'hash_1276', 'nonbinary', 29, NULL),
(1277, 'user1277', 'user1277@example.com', 'hash_1277', 'nonbinary', 47, 'Newtown'),
(1278, 'user1278', 'user1278@example.com', 'hash_1278', NULL, 72, 'Oldtown'),
(1279, 'user1279', 'user1279@example.com', 'hash_1279', 'male', 27, 'Lakeside'),
(1280, 'user1280', 'user1280@example.com', 'hash_1280', 'other', 47, 'Oldtown'),
(1281, 'user1281', 'user1281@example.com', 'hash_1281', 'other', 53, 'Lakeside'),
(1282, 'user1282', 'user1282@example.com', 'hash_1282', 'other', 62, 'Newtown'),
(1283, 'user1283', 'user1283@example.com', 'hash_1283', 'male', 30, 'Oldtown'),
(1284, 'user1284', 'user1284@example.com', 'hash_1284', 'other', 56, 'Oldtown'),
(1285, 'user1285', 'user1285@example.com', 'hash_1285', 'nonbinary', 54, NULL),
(1286, 'user1286', 'user1286@example.com', 'hash_1286', 'nonbinary', 42, NULL),
(1287, 'user1287', 'user1287@example.com', 'hash_1287', NULL, 34, 'Lakeside'),
(1288, 'user1288', 'user1288@example.com', 'hash_1288', NULL, 33, 'Metropolis'),
(1289, 'user1289', 'user1289@example.com', 'hash_1289', 'other', 29, 'Metropolis'),
(1290, 'user1290', 'user1290@example.com', 'hash_1290', 'nonbinary', 26, 'Newtown'),
(1291, 'user1291', 'user1291@example.com', 'hash_1291', 'female', 32, 'Newtown'),
(1292, 'user1292', 'user1292@example.com', 'hash_1292', NULL, 72, 'Oldtown'),
(1293, 'user1293', 'user1293@example.com', 'hash_1293', 'female', 25, 'Lakeside'),
(1294, 'user1294', 'user1294@example.com', 'hash_1294', 'nonbinary', 58, NULL),
(1295, 'user1295', 'user1295@example.com', 'hash_1295', NULL, 50, 'Metropolis'),
(1296, 'user1296', 'user1296@example.com', 'hash_1296', 'male', 65, 'Oldtown'),
(1297, 'user1297', 'user1297@example.com', 'hash_1297', 'nonbinary', 26, 'Metropolis'),
(1298, 'user1298', 'user1298@example.com', 'hash_1298', 'female', 31, 'Newtown'),
(1299, 'user1299', 'user1299@example.com', 'hash_1299', NULL, 20, 'Metropolis'),
(1300, 'user1300', 'user1300@example.com', 'hash_1300', 'male', 74, 'Newtown'),
(1301, 'user1301', 'user1301@example.com', 'hash_1301', NULL, 30, 'Oldtown'),
(1302, 'user1302', 'user1302@example.com', 'hash_1302', 'other', 18, 'Newtown'),
(1303, 'user1303', 'user1303@example.com', 'hash_1303', NULL, 30, 'Lakeside'),
(1304, 'user1304', 'user1304@example.com', 'hash_1304', 'other', 40, 'Metropolis'),
(1305, 'user1305', 'user1305@example.com', 'hash_1305', 'female', 73, 'Newtown'),
(1306, 'user1306', 'user1306@example.com', 'hash_1306', 'nonbinary', 72, 'Lakeside'),
(1307, 'user1307', 'user1307@example.com', 'hash_1307', 'male', 64, 'Newtown'),
(1308, 'user1308', 'user1308@example.com', 'hash_1308', 'other', 43, 'Newtown'),
(1309, 'user1309', 'user1309@example.com', 'hash_1309', NULL, 52, 'Newtown'),
(1310, 'user1310', 'user1310@example.com', 'hash_1310', 'female', 21, NULL),
(1311, 'user1311', 'user1311@example.com', 'hash_1311', 'nonbinary', 17, 'Oldtown'),
(1312, 'user1312', 'user1312@example.com', 'hash_1312', 'male', 47, 'Lakeside'),
(1313, 'user1313', 'user1313@example.com', 'hash_1313', NULL, 50, NULL),
(1314, 'user1314', 'user1314@example.com', 'hash_1314', 'female', 61, NULL),
(1315, 'user1315', 'user1315@example.com', 'hash_1315', 'other', 40, 'Lakeside'),
(1316, 'user1316', 'user1316@example.com', 'hash_1316', 'nonbinary', 67, NULL),
(1317, 'user1317', 'user1317@example.com', 'hash_1317', 'other', 31, NULL),
(1318, 'user1318', 'user1318@example.com', 'hash_1318', NULL, 15, NULL),
(1319, 'user1319', 'user1319@example.com', 'hash_1319', 'male', 72, 'Oldtown'),
(1320, 'user1320', 'user1320@example.com', 'hash_1320', 'female', 28, 'Newtown'),
(1321, 'user1321', 'user1321@example.com', 'hash_1321', 'female', 27, 'Oldtown'),
(1322, 'user1322', 'user1322@example.com', 'hash_1322', NULL, 16, 'Oldtown'),
(1323, 'user1323', 'user1323@example.com', 'hash_1323', 'male', 38, 'Lakeside'),
(1324, 'user1324', 'user1324@example.com', 'hash_1324', NULL, 42, 'Metropolis'),
(1325, 'user1325', 'user1325@example.com', 'hash_1325', 'male', 26, 'Metropolis'),
(1326, 'user1326', 'user1326@example.com', 'hash_1326', 'nonbinary', 56, 'Lakeside'),
(1327, 'user1327', 'user1327@example.com', 'hash_1327', 'male', 55, 'Oldtown'),
(1328, 'user1328', 'user1328@example.com', 'hash_1328', 'nonbinary', 62, NULL),
(1329, 'user1329', 'user1329@example.com', 'hash_1329', 'female', 39, 'Newtown'),
(1330, 'user1330', 'user1330@example.com', 'hash_1330', NULL, 26, 'Oldtown'),
(1331, 'user1331', 'user1331@example.com', 'hash_1331', 'nonbinary', 64, 'Oldtown'),
(1332, 'user1332', 'user1332@example.com', 'hash_1332', 'male', 15, 'Oldtown'),
(1333, 'user1333', 'user1333@example.com', 'hash_1333', 'nonbinary', 50, NULL),
(1334, 'user1334', 'user1334@example.com', 'hash_1334', 'nonbinary', 40, 'Newtown'),
(1335, 'user1335', 'user1335@example.com', 'hash_1335', 'other', 56, 'Metropolis'),
(1336, 'user1336', 'user1336@example.com', 'hash_1336', 'other', 72, 'Metropolis'),
(1337, 'user1337', 'user1337@example.com', 'hash_1337', NULL, 46, 'Lakeside'),
(1338, 'user1338', 'user1338@example.com', 'hash_1338', 'other', 17, NULL),
(1339, 'user1339', 'user1339@example.com', 'hash_1339', 'male', 68, 'Lakeside'),
(1340, 'user1340', 'user1340@example.com', 'hash_1340', 'nonbinary', 50, 'Metropolis'),
(1341, 'user1341', 'user1341@example.com', 'hash_1341', 'male', 17, 'Oldtown'),
(1342, 'user1342', 'user1342@example.com', 'hash_1342', NULL, 49, 'Newtown'),
(1343, 'user1343', 'user1343@example.com', 'hash_1343', 'nonbinary', 48, 'Newtown'),
(1344, 'user1344', 'user1344@example.com', 'hash_1344', 'female', 42, NULL),
(1345, 'user1345', 'user1345@example.com', 'hash_1345', 'other', 70, 'Metropolis'),
(1346, 'user1346', 'user1346@example.com', 'hash_1346', 'female', 49, 'Lakeside'),
(1347, 'user1347', 'user1347@example.com', 'hash_1347', 'other', 74, 'Newtown'),
(1348, 'user1348', 'user1348@example.com', 'hash_1348', 'other', 34, 'Lakeside'),
(1349, 'user1349', 'user1349@example.com', 'hash_1349', 'nonbinary', 32, 'Newtown'),
(1350, 'user1350', 'user1350@example.com', 'hash_1350', 'female', 33, 'Lakeside'),
(1351, 'user1351', 'user1351@example.com', 'hash_1351', 'other', 30, 'Lakeside'),
(1352, 'user1352', 'user1352@example.com', 'hash_1352', NULL, 14, 'Lakeside'),
(1353, 'user1353', 'user1353@example.com', 'hash_1353', 'male', 32, 'Metropolis'),
(1354, 'user1354', 'user1354@example.com', 'hash_1354', 'nonbinary', 19, 'Lakeside'),
(1355, 'user1355', 'user1355@example.com', 'hash_1355', NULL, 64, 'Newtown'),
(1356, 'user1356', 'user1356@example.com', 'hash_1356', NULL, 41, 'Lakeside'),
(1357, 'user1357', 'user1357@example.com', 'hash_1357', 'male', 24, NULL),
(1358, 'user1358', 'user1358@example.com', 'hash_1358', 'nonbinary', 51, 'Lakeside'),
(1359, 'user1359', 'user1359@example.com', 'hash_1359', 'other', 60, 'Newtown'),
(1360, 'user1360', 'user1360@example.com', 'hash_1360', 'female', 29, NULL),
(1361, 'user1361', 'user1361@example.com', 'hash_1361', 'female', 71, 'Metropolis'),
(1362, 'user1362', 'user1362@example.com', 'hash_1362', 'other', 68, 'Lakeside'),
(1363, 'user1363', 'user1363@example.com', 'hash_1363', 'male', 13, NULL),
(1364, 'user1364', 'user1364@example.com', 'hash_1364', 'female', 57, 'Oldtown'),
(1365, 'user1365', 'user1365@example.com', 'hash_1365', 'nonbinary', 47, 'Newtown'),
(1366, 'user1366', 'user1366@example.com', 'hash_1366', NULL, 38, 'Newtown'),
(1367, 'user1367', 'user1367@example.com', 'hash_1367', 'female', 65, 'Newtown'),
(1368, 'user1368', 'user1368@example.com', 'hash_1368', 'other', 72, 'Newtown'),
(1369, 'user1369', 'user1369@example.com', 'hash_1369', 'female', 43, 'Metropolis'),
(1370, 'user1370', 'user1370@example.com', 'hash_1370', NULL, 57, 'Metropolis'),
(1371, 'user1371', 'user1371@example.com', 'hash_1371', 'other', 65, 'Lakeside'),
(1372, 'user1372', 'user1372@example.com', 'hash_1372', 'other', 27, 'Lakeside'),
(1373, 'user1373', 'user1373@example.com', 'hash_1373', NULL, 21, 'Lakeside'),
(1374, 'user1374', 'user1374@example.com', 'hash_1374', 'female', 70, NULL),
(1375, 'user1375', 'user1375@example.com', 'hash_1375', NULL, 59, 'Oldtown'),
(1376, 'user1376', 'user1376@example.com', 'hash_1376', 'male', 29, 'Lakeside'),
(1377, 'user1377', 'user1377@example.com', 'hash_1377', 'nonbinary', 71, NULL),
(1378, 'user1378', 'user1378@example.com', 'hash_1378', 'nonbinary', 64, 'Newtown'),
(1379, 'user1379', 'user1379@example.com', 'hash_1379', 'nonbinary', 58, 'Metropolis'),
(1380, 'user1380', 'user1380@example.com', 'hash_1380', NULL, 49, 'Lakeside'),
(1381, 'user1381', 'user1381@example.com', 'hash_1381', 'female', 40, NULL),
(1382, 'user1382', 'user1382@example.com', 'hash_1382', 'other', 34, 'Metropolis'),
(1383, 'user1383', 'user1383@example.com', 'hash_1383', NULL, 60, NULL),
(1384, 'user1384', 'user1384@example.com', 'hash_1384', 'other', 41, 'Metropolis'),
(1385, 'user1385', 'user1385@example.com', 'hash_1385', 'female', 74, 'Oldtown'),
(1386, 'user1386', 'user1386@example.com', 'hash_1386', NULL, 36, 'Oldtown'),
(1387, 'user1387', 'user1387@example.com', 'hash_1387', 'other', 14, 'Metropolis'),
(1388, 'user1388', 'user1388@example.com', 'hash_1388', 'other', 57, 'Lakeside'),
(1389, 'user1389', 'user1389@example.com', 'hash_1389', 'other', 54, 'Oldtown'),
(1390, 'user1390', 'user1390@example.com', 'hash_1390', 'other', 73, 'Newtown'),
(1391, 'user1391', 'user1391@example.com', 'hash_1391', 'female', 44, NULL),
(1392, 'user1392', 'user1392@example.com', 'hash_1392', 'nonbinary', 67, 'Newtown'),
(1393, 'user1393', 'user1393@example.com', 'hash_1393', 'other', 18, NULL),
(1394, 'user1394', 'user1394@example.com', 'hash_1394', 'other', NULL, 'Oldtown'),
(1395, 'user1395', 'user1395@example.com', 'hash_1395', 'other', 67, 'Oldtown'),
(1396, 'user1396', 'user1396@example.com', 'hash_1396', 'male', 42, 'Metropolis'),
(1397, 'user1397', 'user1397@example.com', 'hash_1397', 'nonbinary', 51, 'Lakeside'),
(1398, 'user1398', 'user1398@example.com', 'hash_1398', 'male', 66, 'Metropolis'),
(1399, 'user1399', 'user1399@example.com', 'hash_1399', NULL, 36, 'Metropolis'),
(1400, 'user1400', 'user1400@example.com', 'hash_1400', 'other', 67, NULL),
(1401, 'user1401', 'user1401@example.com', 'hash_1401', 'male', 51, 'Newtown'),
(1402, 'user1402', 'user1402@example.com', 'hash_1402', 'female', 52, 'Metropolis'),
(1403, 'user1403', 'user1403@example.com', 'hash_1403', 'female', 59, 'Newtown'),
(1404, 'user1404', 'user1404@example.com', 'hash_1404', 'other', 74, 'Newtown'),
(1405, 'user1405', 'user1405@example.com', 'hash_1405', 'male', 40, 'Oldtown'),
(1406, 'user1406', 'user1406@example.com', 'hash_1406', 'nonbinary', 69, 'Newtown'),
(1407, 'user1407', 'user1407@example.com', 'hash_1407', 'male', 32, 'Newtown'),
(1408, 'user1408', 'user1408@example.com', 'hash_1408', 'nonbinary', 34, 'Metropolis'),
(1409, 'user1409', 'user1409@example.com', 'hash_1409', 'other', 21, 'Oldtown'),
(1410, 'user1410', 'user1410@example.com', 'hash_1410', NULL, 38, NULL),
(1411, 'user1411', 'user1411@example.com', 'hash_1411', 'female', 22, 'Oldtown'),
(1412, 'user1412', 'user1412@example.com', 'hash_1412', 'male', 51, 'Lakeside'),
(1413, 'user1413', 'user1413@example.com', 'hash_1413', NULL, 55, 'Oldtown'),
(1414, 'user1414', 'user1414@example.com', 'hash_1414', 'other', 70, NULL),
(1415, 'user1415', 'user1415@example.com', 'hash_1415', 'female', 26, 'Lakeside'),
(1416, 'user1416', 'user1416@example.com', 'hash_1416', 'nonbinary', 41, 'Metropolis'),
(1417, 'user1417', 'user1417@example.com', 'hash_1417', 'male', 69, 'Lakeside'),
(1418, 'user1418', 'user1418@example.com', 'hash_1418', 'nonbinary', 55, NULL),
(1419, 'user1419', 'user1419@example.com', 'hash_1419', 'female', 16, 'Lakeside'),
(1420, 'user1420', 'user1420@example.com', 'hash_1420', 'nonbinary', 49, 'Metropolis'),
(1421, 'user1421', 'user1421@example.com', 'hash_1421', 'other', 56, 'Metropolis'),
(1422, 'user1422', 'user1422@example.com', 'hash_1422', 'other', 66, 'Metropolis'),
(1423, 'user1423', 'user1423@example.com', 'hash_1423', 'female', 36, 'Lakeside'),
(1424, 'user1424', 'user1424@example.com', 'hash_1424', 'male', 27, 'Lakeside'),
(1425, 'user1425', 'user1425@example.com', 'hash_1425', NULL, 34, NULL),
(1426, 'user1426', 'user1426@example.com', 'hash_1426', 'nonbinary', 56, 'Metropolis'),
(1427, 'user1427', 'user1427@example.com', 'hash_1427', 'male', 74, 'Lakeside'),
(1428, 'user1428', 'user1428@example.com', 'hash_1428', 'nonbinary', NULL, NULL),
(1429, 'user1429', 'user1429@example.com', 'hash_1429', 'male', 70, NULL),
(1430, 'user1430', 'user1430@example.com', 'hash_1430', 'other', 65, 'Metropolis'),
(1431, 'user1431', 'user1431@example.com', 'hash_1431', 'female', 50, 'Metropolis'),
(1432, 'user1432', 'user1432@example.com', 'hash_1432', 'female', 52, 'Oldtown'),
(1433, 'user1433', 'user1433@example.com', 'hash_1433', NULL, 28, 'Oldtown'),
(1434, 'user1434', 'user1434@example.com', 'hash_1434', 'male', 69, 'Newtown'),
(1435, 'user1435', 'user1435@example.com', 'hash_1435', 'nonbinary', 62, 'Lakeside'),
(1436, 'user1436', 'user1436@example.com', 'hash_1436', 'male', 49, 'Metropolis'),
(1437, 'user1437', 'user1437@example.com', 'hash_1437', 'female', 17, 'Metropolis'),
(1438, 'user1438', 'user1438@example.com', 'hash_1438', 'nonbinary', 59, 'Lakeside'),
(1439, 'user1439', 'user1439@example.com', 'hash_1439', 'female', 24, 'Oldtown'),
(1440, 'user1440', 'user1440@example.com', 'hash_1440', NULL, 68, 'Metropolis'),
(1441, 'user1441', 'user1441@example.com', 'hash_1441', NULL, 44, 'Metropolis'),
(1442, 'user1442', 'user1442@example.com', 'hash_1442', 'female', 28, 'Lakeside'),
(1443, 'user1443', 'user1443@example.com', 'hash_1443', 'nonbinary', 59, 'Metropolis'),
(1444, 'user1444', 'user1444@example.com', 'hash_1444', 'male', 41, 'Newtown'),
(1445, 'user1445', 'user1445@example.com', 'hash_1445', 'female', 60, 'Oldtown'),
(1446, 'user1446', 'user1446@example.com', 'hash_1446', 'other', 73, NULL),
(1447, 'user1447', 'user1447@example.com', 'hash_1447', 'nonbinary', 17, 'Lakeside'),
(1448, 'user1448', 'user1448@example.com', 'hash_1448', 'male', 28, NULL),
(1449, 'user1449', 'user1449@example.com', 'hash_1449', 'male', 41, 'Metropolis'),
(1450, 'user1450', 'user1450@example.com', 'hash_1450', 'nonbinary', 49, 'Lakeside'),
(1451, 'user1451', 'user1451@example.com', 'hash_1451', 'nonbinary', 18, 'Oldtown'),
(1452, 'user1452', 'user1452@example.com', 'hash_1452', 'other', 13, NULL),
(1453, 'user1453', 'user1453@example.com', 'hash_1453', NULL, 32, NULL),
(1454, 'user1454', 'user1454@example.com', 'hash_1454', 'female', 53, 'Newtown'),
(1455, 'user1455', 'user1455@example.com', 'hash_1455', 'other', 70, 'Metropolis'),
(1456, 'user1456', 'user1456@example.com', 'hash_1456', 'other', 19, 'Oldtown'),
(1457, 'user1457', 'user1457@example.com', 'hash_1457', 'male', 72, 'Newtown'),
(1458, 'user1458', 'user1458@example.com', 'hash_1458', 'nonbinary', 43, 'Newtown'),
(1459, 'user1459', 'user1459@example.com', 'hash_1459', 'male', 27, NULL),
(1460, 'user1460', 'user1460@example.com', 'hash_1460', 'female', 36, 'Lakeside'),
(1461, 'user1461', 'user1461@example.com', 'hash_1461', 'nonbinary', 54, NULL),
(1462, 'user1462', 'user1462@example.com', 'hash_1462', 'other', 49, 'Oldtown'),
(1463, 'user1463', 'user1463@example.com', 'hash_1463', 'other', 53, 'Newtown'),
(1464, 'user1464', 'user1464@example.com', 'hash_1464', 'other', 51, 'Lakeside'),
(1465, 'user1465', 'user1465@example.com', 'hash_1465', 'nonbinary', 14, 'Metropolis'),
(1466, 'user1466', 'user1466@example.com', 'hash_1466', 'female', 40, 'Lakeside'),
(1467, 'user1467', 'user1467@example.com', 'hash_1467', 'female', 66, 'Metropolis'),
(1468, 'user1468', 'user1468@example.com', 'hash_1468', 'male', 74, 'Metropolis'),
(1469, 'user1469', 'user1469@example.com', 'hash_1469', NULL, 69, 'Metropolis'),
(1470, 'user1470', 'user1470@example.com', 'hash_1470', 'male', 37, 'Metropolis'),
(1471, 'user1471', 'user1471@example.com', 'hash_1471', 'female', 73, 'Newtown'),
(1472, 'user1472', 'user1472@example.com', 'hash_1472', 'other', 17, 'Oldtown'),
(1473, 'user1473', 'user1473@example.com', 'hash_1473', NULL, 74, 'Newtown'),
(1474, 'user1474', 'user1474@example.com', 'hash_1474', 'male', 62, 'Metropolis'),
(1475, 'user1475', 'user1475@example.com', 'hash_1475', 'female', 20, NULL),
(1476, 'user1476', 'user1476@example.com', 'hash_1476', 'female', 16, NULL),
(1477, 'user1477', 'user1477@example.com', 'hash_1477', 'female', 49, 'Oldtown'),
(1478, 'user1478', 'user1478@example.com', 'hash_1478', 'female', 33, 'Oldtown'),
(1479, 'user1479', 'user1479@example.com', 'hash_1479', NULL, NULL, 'Metropolis'),
(1480, 'user1480', 'user1480@example.com', 'hash_1480', 'female', 20, NULL),
(1481, 'user1481', 'user1481@example.com', 'hash_1481', 'nonbinary', 63, 'Oldtown'),
(1482, 'user1482', 'user1482@example.com', 'hash_1482', 'male', 54, 'Newtown'),
(1483, 'user1483', 'user1483@example.com', 'hash_1483', 'female', NULL, 'Metropolis'),
(1484, 'user1484', 'user1484@example.com', 'hash_1484', 'female', 49, 'Metropolis'),
(1485, 'user1485', 'user1485@example.com', 'hash_1485', 'male', 23, 'Metropolis'),
(1486, 'user1486', 'user1486@example.com', 'hash_1486', 'male', 20, 'Lakeside'),
(1487, 'user1487', 'user1487@example.com', 'hash_1487', NULL, 19, 'Newtown'),
(1488, 'user1488', 'user1488@example.com', 'hash_1488', 'other', 40, 'Metropolis'),
(1489, 'user1489', 'user1489@example.com', 'hash_1489', NULL, 49, 'Newtown'),
(1490, 'user1490', 'user1490@example.com', 'hash_1490', 'other', 44, 'Oldtown'),
(1491, 'user1491', 'user1491@example.com', 'hash_1491', NULL, 14, NULL),
(1492, 'user1492', 'user1492@example.com', 'hash_1492', 'nonbinary', 41, 'Newtown'),
(1493, 'user1493', 'user1493@example.com', 'hash_1493', 'male', 42, 'Lakeside'),
(1494, 'user1494', 'user1494@example.com', 'hash_1494', 'other', 55, 'Newtown'),
(1495, 'user1495', 'user1495@example.com', 'hash_1495', 'other', 57, 'Lakeside'),
(1496, 'user1496', 'user1496@example.com', 'hash_1496', 'male', 69, 'Newtown'),
(1497, 'user1497', 'user1497@example.com', 'hash_1497', 'nonbinary', 50, 'Oldtown'),
(1498, 'user1498', 'user1498@example.com', 'hash_1498', 'male', 20, 'Metropolis'),
(1499, 'user1499', 'user1499@example.com', 'hash_1499', NULL, 52, NULL);

-- songs
INSERT INTO songs (sid, name) VALUES
('SNG00001', 'Song 1'),
('SNG00002', 'Song 2'),
('SNG00003', 'Song 3'),
('SNG00004', 'Song 4'),
('SNG00005', 'Song 5'),
('SNG00006', 'Song 6'),
('SNG00007', 'Song 7'),
('SNG00008', 'Song 8'),
('SNG00009', 'Song 9'),
('SNG00010', 'Song 10'),
('SNG00011', 'Song 11'),
('SNG00012', 'Song 12'),
('SNG00013', 'Song 13'),
('SNG00014', 'Song 14'),
('SNG00015', 'Song 15'),
('SNG00016', 'Song 16'),
('SNG00017', 'Song 17'),
('SNG00018', 'Song 18'),
('SNG00019', 'Song 19'),
('SNG00020', 'Song 20'),
('SNG00021', 'Song 21'),
('SNG00022', 'Song 22'),
('SNG00023', 'Song 23'),
('SNG00024', 'Song 24'),
('SNG00025', 'Song 25'),
('SNG00026', 'Song 26'),
('SNG00027', 'Song 27'),
('SNG00028', 'Song 28'),
('SNG00029', 'Song 29'),
('SNG00030', 'Song 30'),
('SNG00031', 'Song 31'),
('SNG00032', 'Song 32'),
('SNG00033', 'Song 33'),
('SNG00034', 'Song 34'),
('SNG00035', 'Song 35'),
('SNG00036', 'Song 36'),
('SNG00037', 'Song 37'),
('SNG00038', 'Song 38'),
('SNG00039', 'Song 39'),
('SNG00040', 'Song 40'),
('SNG00041', 'Song 41'),
('SNG00042', 'Song 42'),
('SNG00043', 'Song 43'),
('SNG00044', 'Song 44'),
('SNG00045', 'Song 45'),
('SNG00046', 'Song 46'),
('SNG00047', 'Song 47'),
('SNG00048', 'Song 48'),
('SNG00049', 'Song 49'),
('SNG00050', 'Song 50'),
('SNG00051', 'Song 51'),
('SNG00052', 'Song 52'),
('SNG00053', 'Song 53'),
('SNG00054', 'Song 54'),
('SNG00055', 'Song 55'),
('SNG00056', 'Song 56'),
('SNG00057', 'Song 57'),
('SNG00058', 'Song 58'),
('SNG00059', 'Song 59'),
('SNG00060', 'Song 60'),
('SNG00061', 'Song 61'),
('SNG00062', 'Song 62'),
('SNG00063', 'Song 63'),
('SNG00064', 'Song 64'),
('SNG00065', 'Song 65'),
('SNG00066', 'Song 66'),
('SNG00067', 'Song 67'),
('SNG00068', 'Song 68'),
('SNG00069', 'Song 69'),
('SNG00070', 'Song 70'),
('SNG00071', 'Song 71'),
('SNG00072', 'Song 72'),
('SNG00073', 'Song 73'),
('SNG00074', 'Song 74'),
('SNG00075', 'Song 75'),
('SNG00076', 'Song 76'),
('SNG00077', 'Song 77'),
('SNG00078', 'Song 78'),
('SNG00079', 'Song 79'),
('SNG00080', 'Song 80'),
('SNG00081', 'Song 81'),
('SNG00082', 'Song 82'),
('SNG00083', 'Song 83'),
('SNG00084', 'Song 84'),
('SNG00085', 'Song 85'),
('SNG00086', 'Song 86'),
('SNG00087', 'Song 87'),
('SNG00088', 'Song 88'),
('SNG00089', 'Song 89'),
('SNG00090', 'Song 90'),
('SNG00091', 'Song 91'),
('SNG00092', 'Song 92'),
('SNG00093', 'Song 93'),
('SNG00094', 'Song 94'),
('SNG00095', 'Song 95'),
('SNG00096', 'Song 96'),
('SNG00097', 'Song 97'),
('SNG00098', 'Song 98'),
('SNG00099', 'Song 99'),
('SNG00100', 'Song 100'),
('SNG00101', 'Song 101'),
('SNG00102', 'Song 102'),
('SNG00103', 'Song 103'),
('SNG00104', 'Song 104'),
('SNG00105', 'Song 105'),
('SNG00106', 'Song 106'),
('SNG00107', 'Song 107'),
('SNG00108', 'Song 108'),
('SNG00109', 'Song 109'),
('SNG00110', 'Song 110'),
('SNG00111', 'Song 111'),
('SNG00112', 'Song 112'),
('SNG00113', 'Song 113'),
('SNG00114', 'Song 114'),
('SNG00115', 'Song 115'),
('SNG00116', 'Song 116'),
('SNG00117', 'Song 117'),
('SNG00118', 'Song 118'),
('SNG00119', 'Song 119'),
('SNG00120', 'Song 120'),
('SNG00121', 'Song 121'),
('SNG00122', 'Song 122'),
('SNG00123', 'Song 123'),
('SNG00124', 'Song 124'),
('SNG00125', 'Song 125'),
('SNG00126', 'Song 126'),
('SNG00127', 'Song 127'),
('SNG00128', 'Song 128'),
('SNG00129', 'Song 129'),
('SNG00130', 'Song 130'),
('SNG00131', 'Song 131'),
('SNG00132', 'Song 132'),
('SNG00133', 'Song 133'),
('SNG00134', 'Song 134'),
('SNG00135', 'Song 135'),
('SNG00136', 'Song 136'),
('SNG00137', 'Song 137'),
('SNG00138', 'Song 138'),
('SNG00139', 'Song 139'),
('SNG00140', 'Song 140'),
('SNG00141', 'Song 141'),
('SNG00142', 'Song 142'),
('SNG00143', 'Song 143'),
('SNG00144', 'Song 144'),
('SNG00145', 'Song 145'),
('SNG00146', 'Song 146'),
('SNG00147', 'Song 147'),
('SNG00148', 'Song 148'),
('SNG00149', 'Song 149'),
('SNG00150', 'Song 150'),
('SNG00151', 'Song 151'),
('SNG00152', 'Song 152'),
('SNG00153', 'Song 153'),
('SNG00154', 'Song 154'),
('SNG00155', 'Song 155'),
('SNG00156', 'Song 156'),
('SNG00157', 'Song 157'),
('SNG00158', 'Song 158'),
('SNG00159', 'Song 159'),
('SNG00160', 'Song 160'),
('SNG00161', 'Song 161'),
('SNG00162', 'Song 162'),
('SNG00163', 'Song 163'),
('SNG00164', 'Song 164'),
('SNG00165', 'Song 165'),
('SNG00166', 'Song 166'),
('SNG00167', 'Song 167'),
('SNG00168', 'Song 168'),
('SNG00169', 'Song 169'),
('SNG00170', 'Song 170'),
('SNG00171', 'Song 171'),
('SNG00172', 'Song 172'),
('SNG00173', 'Song 173'),
('SNG00174', 'Song 174'),
('SNG00175', 'Song 175'),
('SNG00176', 'Song 176'),
('SNG00177', 'Song 177'),
('SNG00178', 'Song 178'),
('SNG00179', 'Song 179'),
('SNG00180', 'Song 180'),
('SNG00181', 'Song 181'),
('SNG00182', 'Song 182'),
('SNG00183', 'Song 183'),
('SNG00184', 'Song 184'),
('SNG00185', 'Song 185'),
('SNG00186', 'Song 186'),
('SNG00187', 'Song 187'),
('SNG00188', 'Song 188'),
('SNG00189', 'Song 189'),
('SNG00190', 'Song 190'),
('SNG00191', 'Song 191'),
('SNG00192', 'Song 192'),
('SNG00193', 'Song 193'),
('SNG00194', 'Song 194'),
('SNG00195', 'Song 195'),
('SNG00196', 'Song 196'),
('SNG00197', 'Song 197'),
('SNG00198', 'Song 198'),
('SNG00199', 'Song 199'),
('SNG00200', 'Song 200'),
('SNG00201', 'Song 201'),
('SNG00202', 'Song 202'),
('SNG00203', 'Song 203'),
('SNG00204', 'Song 204'),
('SNG00205', 'Song 205'),
('SNG00206', 'Song 206'),
('SNG00207', 'Song 207'),
('SNG00208', 'Song 208'),
('SNG00209', 'Song 209'),
('SNG00210', 'Song 210'),
('SNG00211', 'Song 211'),
('SNG00212', 'Song 212'),
('SNG00213', 'Song 213'),
('SNG00214', 'Song 214'),
('SNG00215', 'Song 215'),
('SNG00216', 'Song 216'),
('SNG00217', 'Song 217'),
('SNG00218', 'Song 218'),
('SNG00219', 'Song 219'),
('SNG00220', 'Song 220'),
('SNG00221', 'Song 221'),
('SNG00222', 'Song 222'),
('SNG00223', 'Song 223'),
('SNG00224', 'Song 224'),
('SNG00225', 'Song 225'),
('SNG00226', 'Song 226'),
('SNG00227', 'Song 227'),
('SNG00228', 'Song 228'),
('SNG00229', 'Song 229'),
('SNG00230', 'Song 230'),
('SNG00231', 'Song 231'),
('SNG00232', 'Song 232'),
('SNG00233', 'Song 233'),
('SNG00234', 'Song 234'),
('SNG00235', 'Song 235'),
('SNG00236', 'Song 236'),
('SNG00237', 'Song 237'),
('SNG00238', 'Song 238'),
('SNG00239', 'Song 239'),
('SNG00240', 'Song 240'),
('SNG00241', 'Song 241'),
('SNG00242', 'Song 242'),
('SNG00243', 'Song 243'),
('SNG00244', 'Song 244'),
('SNG00245', 'Song 245'),
('SNG00246', 'Song 246'),
('SNG00247', 'Song 247'),
('SNG00248', 'Song 248'),
('SNG00249', 'Song 249'),
('SNG00250', 'Song 250'),
('SNG00251', 'Song 251'),
('SNG00252', 'Song 252'),
('SNG00253', 'Song 253'),
('SNG00254', 'Song 254'),
('SNG00255', 'Song 255'),
('SNG00256', 'Song 256'),
('SNG00257', 'Song 257'),
('SNG00258', 'Song 258'),
('SNG00259', 'Song 259'),
('SNG00260', 'Song 260'),
('SNG00261', 'Song 261'),
('SNG00262', 'Song 262'),
('SNG00263', 'Song 263'),
('SNG00264', 'Song 264'),
('SNG00265', 'Song 265'),
('SNG00266', 'Song 266'),
('SNG00267', 'Song 267'),
('SNG00268', 'Song 268'),
('SNG00269', 'Song 269'),
('SNG00270', 'Song 270'),
('SNG00271', 'Song 271'),
('SNG00272', 'Song 272'),
('SNG00273', 'Song 273'),
('SNG00274', 'Song 274'),
('SNG00275', 'Song 275'),
('SNG00276', 'Song 276'),
('SNG00277', 'Song 277'),
('SNG00278', 'Song 278'),
('SNG00279', 'Song 279'),
('SNG00280', 'Song 280'),
('SNG00281', 'Song 281'),
('SNG00282', 'Song 282'),
('SNG00283', 'Song 283'),
('SNG00284', 'Song 284'),
('SNG00285', 'Song 285'),
('SNG00286', 'Song 286'),
('SNG00287', 'Song 287'),
('SNG00288', 'Song 288'),
('SNG00289', 'Song 289'),
('SNG00290', 'Song 290'),
('SNG00291', 'Song 291'),
('SNG00292', 'Song 292'),
('SNG00293', 'Song 293'),
('SNG00294', 'Song 294'),
('SNG00295', 'Song 295'),
('SNG00296', 'Song 296'),
('SNG00297', 'Song 297'),
('SNG00298', 'Song 298'),
('SNG00299', 'Song 299'),
('SNG00300', 'Song 300'),
('SNG00301', 'Song 301'),
('SNG00302', 'Song 302'),
('SNG00303', 'Song 303'),
('SNG00304', 'Song 304'),
('SNG00305', 'Song 305'),
('SNG00306', 'Song 306'),
('SNG00307', 'Song 307'),
('SNG00308', 'Song 308'),
('SNG00309', 'Song 309'),
('SNG00310', 'Song 310'),
('SNG00311', 'Song 311'),
('SNG00312', 'Song 312'),
('SNG00313', 'Song 313'),
('SNG00314', 'Song 314'),
('SNG00315', 'Song 315'),
('SNG00316', 'Song 316'),
('SNG00317', 'Song 317'),
('SNG00318', 'Song 318'),
('SNG00319', 'Song 319'),
('SNG00320', 'Song 320'),
('SNG00321', 'Song 321'),
('SNG00322', 'Song 322'),
('SNG00323', 'Song 323'),
('SNG00324', 'Song 324'),
('SNG00325', 'Song 325'),
('SNG00326', 'Song 326'),
('SNG00327', 'Song 327'),
('SNG00328', 'Song 328'),
('SNG00329', 'Song 329'),
('SNG00330', 'Song 330'),
('SNG00331', 'Song 331'),
('SNG00332', 'Song 332'),
('SNG00333', 'Song 333'),
('SNG00334', 'Song 334'),
('SNG00335', 'Song 335'),
('SNG00336', 'Song 336'),
('SNG00337', 'Song 337'),
('SNG00338', 'Song 338'),
('SNG00339', 'Song 339'),
('SNG00340', 'Song 340'),
('SNG00341', 'Song 341'),
('SNG00342', 'Song 342'),
('SNG00343', 'Song 343'),
('SNG00344', 'Song 344'),
('SNG00345', 'Song 345'),
('SNG00346', 'Song 346'),
('SNG00347', 'Song 347'),
('SNG00348', 'Song 348'),
('SNG00349', 'Song 349'),
('SNG00350', 'Song 350'),
('SNG00351', 'Song 351'),
('SNG00352', 'Song 352'),
('SNG00353', 'Song 353'),
('SNG00354', 'Song 354'),
('SNG00355', 'Song 355'),
('SNG00356', 'Song 356'),
('SNG00357', 'Song 357'),
('SNG00358', 'Song 358'),
('SNG00359', 'Song 359'),
('SNG00360', 'Song 360'),
('SNG00361', 'Song 361'),
('SNG00362', 'Song 362'),
('SNG00363', 'Song 363'),
('SNG00364', 'Song 364'),
('SNG00365', 'Song 365'),
('SNG00366', 'Song 366'),
('SNG00367', 'Song 367'),
('SNG00368', 'Song 368'),
('SNG00369', 'Song 369'),
('SNG00370', 'Song 370'),
('SNG00371', 'Song 371'),
('SNG00372', 'Song 372'),
('SNG00373', 'Song 373'),
('SNG00374', 'Song 374'),
('SNG00375', 'Song 375'),
('SNG00376', 'Song 376'),
('SNG00377', 'Song 377'),
('SNG00378', 'Song 378'),
('SNG00379', 'Song 379'),
('SNG00380', 'Song 380'),
('SNG00381', 'Song 381'),
('SNG00382', 'Song 382'),
('SNG00383', 'Song 383'),
('SNG00384', 'Song 384'),
('SNG00385', 'Song 385'),
('SNG00386', 'Song 386'),
('SNG00387', 'Song 387'),
('SNG00388', 'Song 388'),
('SNG00389', 'Song 389'),
('SNG00390', 'Song 390'),
('SNG00391', 'Song 391'),
('SNG00392', 'Song 392'),
('SNG00393', 'Song 393'),
('SNG00394', 'Song 394'),
('SNG00395', 'Song 395'),
('SNG00396', 'Song 396'),
('SNG00397', 'Song 397'),
('SNG00398', 'Song 398'),
('SNG00399', 'Song 399'),
('SNG00400', 'Song 400'),
('SNG00401', 'Song 401'),
('SNG00402', 'Song 402'),
('SNG00403', 'Song 403'),
('SNG00404', 'Song 404'),
('SNG00405', 'Song 405'),
('SNG00406', 'Song 406'),
('SNG00407', 'Song 407'),
('SNG00408', 'Song 408'),
('SNG00409', 'Song 409'),
('SNG00410', 'Song 410'),
('SNG00411', 'Song 411'),
('SNG00412', 'Song 412'),
('SNG00413', 'Song 413'),
('SNG00414', 'Song 414'),
('SNG00415', 'Song 415'),
('SNG00416', 'Song 416'),
('SNG00417', 'Song 417'),
('SNG00418', 'Song 418'),
('SNG00419', 'Song 419'),
('SNG00420', 'Song 420'),
('SNG00421', 'Song 421'),
('SNG00422', 'Song 422'),
('SNG00423', 'Song 423'),
('SNG00424', 'Song 424'),
('SNG00425', 'Song 425'),
('SNG00426', 'Song 426'),
('SNG00427', 'Song 427'),
('SNG00428', 'Song 428'),
('SNG00429', 'Song 429'),
('SNG00430', 'Song 430'),
('SNG00431', 'Song 431'),
('SNG00432', 'Song 432'),
('SNG00433', 'Song 433'),
('SNG00434', 'Song 434'),
('SNG00435', 'Song 435'),
('SNG00436', 'Song 436'),
('SNG00437', 'Song 437'),
('SNG00438', 'Song 438'),
('SNG00439', 'Song 439'),
('SNG00440', 'Song 440'),
('SNG00441', 'Song 441'),
('SNG00442', 'Song 442'),
('SNG00443', 'Song 443'),
('SNG00444', 'Song 444'),
('SNG00445', 'Song 445'),
('SNG00446', 'Song 446'),
('SNG00447', 'Song 447'),
('SNG00448', 'Song 448'),
('SNG00449', 'Song 449'),
('SNG00450', 'Song 450'),
('SNG00451', 'Song 451'),
('SNG00452', 'Song 452'),
('SNG00453', 'Song 453'),
('SNG00454', 'Song 454'),
('SNG00455', 'Song 455'),
('SNG00456', 'Song 456'),
('SNG00457', 'Song 457'),
('SNG00458', 'Song 458'),
('SNG00459', 'Song 459'),
('SNG00460', 'Song 460'),
('SNG00461', 'Song 461'),
('SNG00462', 'Song 462'),
('SNG00463', 'Song 463'),
('SNG00464', 'Song 464'),
('SNG00465', 'Song 465'),
('SNG00466', 'Song 466'),
('SNG00467', 'Song 467'),
('SNG00468', 'Song 468'),
('SNG00469', 'Song 469'),
('SNG00470', 'Song 470'),
('SNG00471', 'Song 471'),
('SNG00472', 'Song 472'),
('SNG00473', 'Song 473'),
('SNG00474', 'Song 474'),
('SNG00475', 'Song 475'),
('SNG00476', 'Song 476'),
('SNG00477', 'Song 477'),
('SNG00478', 'Song 478'),
('SNG00479', 'Song 479'),
('SNG00480', 'Song 480'),
('SNG00481', 'Song 481'),
('SNG00482', 'Song 482'),
('SNG00483', 'Song 483'),
('SNG00484', 'Song 484'),
('SNG00485', 'Song 485'),
('SNG00486', 'Song 486'),
('SNG00487', 'Song 487'),
('SNG00488', 'Song 488'),
('SNG00489', 'Song 489'),
('SNG00490', 'Song 490'),
('SNG00491', 'Song 491'),
('SNG00492', 'Song 492'),
('SNG00493', 'Song 493'),
('SNG00494', 'Song 494'),
('SNG00495', 'Song 495'),
('SNG00496', 'Song 496'),
('SNG00497', 'Song 497'),
('SNG00498', 'Song 498'),
('SNG00499', 'Song 499'),
('SNG00500', 'Song 500'),
('SNG00501', 'Song 501'),
('SNG00502', 'Song 502'),
('SNG00503', 'Song 503'),
('SNG00504', 'Song 504'),
('SNG00505', 'Song 505'),
('SNG00506', 'Song 506'),
('SNG00507', 'Song 507'),
('SNG00508', 'Song 508'),
('SNG00509', 'Song 509'),
('SNG00510', 'Song 510'),
('SNG00511', 'Song 511'),
('SNG00512', 'Song 512'),
('SNG00513', 'Song 513'),
('SNG00514', 'Song 514'),
('SNG00515', 'Song 515'),
('SNG00516', 'Song 516'),
('SNG00517', 'Song 517'),
('SNG00518', 'Song 518'),
('SNG00519', 'Song 519'),
('SNG00520', 'Song 520'),
('SNG00521', 'Song 521'),
('SNG00522', 'Song 522'),
('SNG00523', 'Song 523'),
('SNG00524', 'Song 524'),
('SNG00525', 'Song 525'),
('SNG00526', 'Song 526'),
('SNG00527', 'Song 527'),
('SNG00528', 'Song 528'),
('SNG00529', 'Song 529'),
('SNG00530', 'Song 530'),
('SNG00531', 'Song 531'),
('SNG00532', 'Song 532'),
('SNG00533', 'Song 533'),
('SNG00534', 'Song 534'),
('SNG00535', 'Song 535'),
('SNG00536', 'Song 536'),
('SNG00537', 'Song 537'),
('SNG00538', 'Song 538'),
('SNG00539', 'Song 539'),
('SNG00540', 'Song 540'),
('SNG00541', 'Song 541'),
('SNG00542', 'Song 542'),
('SNG00543', 'Song 543'),
('SNG00544', 'Song 544'),
('SNG00545', 'Song 545'),
('SNG00546', 'Song 546'),
('SNG00547', 'Song 547'),
('SNG00548', 'Song 548'),
('SNG00549', 'Song 549'),
('SNG00550', 'Song 550'),
('SNG00551', 'Song 551'),
('SNG00552', 'Song 552'),
('SNG00553', 'Song 553'),
('SNG00554', 'Song 554'),
('SNG00555', 'Song 555'),
('SNG00556', 'Song 556'),
('SNG00557', 'Song 557'),
('SNG00558', 'Song 558'),
('SNG00559', 'Song 559'),
('SNG00560', 'Song 560'),
('SNG00561', 'Song 561'),
('SNG00562', 'Song 562'),
('SNG00563', 'Song 563'),
('SNG00564', 'Song 564'),
('SNG00565', 'Song 565'),
('SNG00566', 'Song 566'),
('SNG00567', 'Song 567'),
('SNG00568', 'Song 568'),
('SNG00569', 'Song 569'),
('SNG00570', 'Song 570'),
('SNG00571', 'Song 571'),
('SNG00572', 'Song 572'),
('SNG00573', 'Song 573'),
('SNG00574', 'Song 574'),
('SNG00575', 'Song 575'),
('SNG00576', 'Song 576'),
('SNG00577', 'Song 577'),
('SNG00578', 'Song 578'),
('SNG00579', 'Song 579'),
('SNG00580', 'Song 580'),
('SNG00581', 'Song 581'),
('SNG00582', 'Song 582'),
('SNG00583', 'Song 583'),
('SNG00584', 'Song 584'),
('SNG00585', 'Song 585'),
('SNG00586', 'Song 586'),
('SNG00587', 'Song 587'),
('SNG00588', 'Song 588'),
('SNG00589', 'Song 589'),
('SNG00590', 'Song 590'),
('SNG00591', 'Song 591'),
('SNG00592', 'Song 592'),
('SNG00593', 'Song 593'),
('SNG00594', 'Song 594'),
('SNG00595', 'Song 595'),
('SNG00596', 'Song 596'),
('SNG00597', 'Song 597'),
('SNG00598', 'Song 598'),
('SNG00599', 'Song 599'),
('SNG00600', 'Song 600'),
('SNG00601', 'Song 601'),
('SNG00602', 'Song 602'),
('SNG00603', 'Song 603'),
('SNG00604', 'Song 604'),
('SNG00605', 'Song 605'),
('SNG00606', 'Song 606'),
('SNG00607', 'Song 607'),
('SNG00608', 'Song 608'),
('SNG00609', 'Song 609'),
('SNG00610', 'Song 610'),
('SNG00611', 'Song 611'),
('SNG00612', 'Song 612'),
('SNG00613', 'Song 613'),
('SNG00614', 'Song 614'),
('SNG00615', 'Song 615'),
('SNG00616', 'Song 616'),
('SNG00617', 'Song 617'),
('SNG00618', 'Song 618'),
('SNG00619', 'Song 619'),
('SNG00620', 'Song 620'),
('SNG00621', 'Song 621'),
('SNG00622', 'Song 622'),
('SNG00623', 'Song 623'),
('SNG00624', 'Song 624'),
('SNG00625', 'Song 625'),
('SNG00626', 'Song 626'),
('SNG00627', 'Song 627'),
('SNG00628', 'Song 628'),
('SNG00629', 'Song 629'),
('SNG00630', 'Song 630'),
('SNG00631', 'Song 631'),
('SNG00632', 'Song 632'),
('SNG00633', 'Song 633'),
('SNG00634', 'Song 634'),
('SNG00635', 'Song 635'),
('SNG00636', 'Song 636'),
('SNG00637', 'Song 637'),
('SNG00638', 'Song 638'),
('SNG00639', 'Song 639'),
('SNG00640', 'Song 640'),
('SNG00641', 'Song 641'),
('SNG00642', 'Song 642'),
('SNG00643', 'Song 643'),
('SNG00644', 'Song 644'),
('SNG00645', 'Song 645'),
('SNG00646', 'Song 646'),
('SNG00647', 'Song 647'),
('SNG00648', 'Song 648'),
('SNG00649', 'Song 649'),
('SNG00650', 'Song 650'),
('SNG00651', 'Song 651'),
('SNG00652', 'Song 652'),
('SNG00653', 'Song 653'),
('SNG00654', 'Song 654'),
('SNG00655', 'Song 655'),
('SNG00656', 'Song 656'),
('SNG00657', 'Song 657'),
('SNG00658', 'Song 658'),
('SNG00659', 'Song 659'),
('SNG00660', 'Song 660'),
('SNG00661', 'Song 661'),
('SNG00662', 'Song 662'),
('SNG00663', 'Song 663'),
('SNG00664', 'Song 664'),
('SNG00665', 'Song 665'),
('SNG00666', 'Song 666'),
('SNG00667', 'Song 667'),
('SNG00668', 'Song 668'),
('SNG00669', 'Song 669'),
('SNG00670', 'Song 670'),
('SNG00671', 'Song 671'),
('SNG00672', 'Song 672'),
('SNG00673', 'Song 673'),
('SNG00674', 'Song 674'),
('SNG00675', 'Song 675'),
('SNG00676', 'Song 676'),
('SNG00677', 'Song 677'),
('SNG00678', 'Song 678'),
('SNG00679', 'Song 679'),
('SNG00680', 'Song 680'),
('SNG00681', 'Song 681'),
('SNG00682', 'Song 682'),
('SNG00683', 'Song 683'),
('SNG00684', 'Song 684'),
('SNG00685', 'Song 685'),
('SNG00686', 'Song 686'),
('SNG00687', 'Song 687'),
('SNG00688', 'Song 688'),
('SNG00689', 'Song 689'),
('SNG00690', 'Song 690'),
('SNG00691', 'Song 691'),
('SNG00692', 'Song 692'),
('SNG00693', 'Song 693'),
('SNG00694', 'Song 694'),
('SNG00695', 'Song 695'),
('SNG00696', 'Song 696'),
('SNG00697', 'Song 697'),
('SNG00698', 'Song 698'),
('SNG00699', 'Song 699'),
('SNG00700', 'Song 700'),
('SNG00701', 'Song 701'),
('SNG00702', 'Song 702'),
('SNG00703', 'Song 703'),
('SNG00704', 'Song 704'),
('SNG00705', 'Song 705'),
('SNG00706', 'Song 706'),
('SNG00707', 'Song 707'),
('SNG00708', 'Song 708'),
('SNG00709', 'Song 709'),
('SNG00710', 'Song 710'),
('SNG00711', 'Song 711'),
('SNG00712', 'Song 712'),
('SNG00713', 'Song 713'),
('SNG00714', 'Song 714'),
('SNG00715', 'Song 715'),
('SNG00716', 'Song 716'),
('SNG00717', 'Song 717'),
('SNG00718', 'Song 718'),
('SNG00719', 'Song 719'),
('SNG00720', 'Song 720'),
('SNG00721', 'Song 721'),
('SNG00722', 'Song 722'),
('SNG00723', 'Song 723'),
('SNG00724', 'Song 724'),
('SNG00725', 'Song 725'),
('SNG00726', 'Song 726'),
('SNG00727', 'Song 727'),
('SNG00728', 'Song 728'),
('SNG00729', 'Song 729'),
('SNG00730', 'Song 730'),
('SNG00731', 'Song 731'),
('SNG00732', 'Song 732'),
('SNG00733', 'Song 733'),
('SNG00734', 'Song 734'),
('SNG00735', 'Song 735'),
('SNG00736', 'Song 736'),
('SNG00737', 'Song 737'),
('SNG00738', 'Song 738'),
('SNG00739', 'Song 739'),
('SNG00740', 'Song 740'),
('SNG00741', 'Song 741'),
('SNG00742', 'Song 742'),
('SNG00743', 'Song 743'),
('SNG00744', 'Song 744'),
('SNG00745', 'Song 745'),
('SNG00746', 'Song 746'),
('SNG00747', 'Song 747'),
('SNG00748', 'Song 748'),
('SNG00749', 'Song 749'),
('SNG00750', 'Song 750'),
('SNG00751', 'Song 751'),
('SNG00752', 'Song 752'),
('SNG00753', 'Song 753'),
('SNG00754', 'Song 754'),
('SNG00755', 'Song 755'),
('SNG00756', 'Song 756'),
('SNG00757', 'Song 757'),
('SNG00758', 'Song 758'),
('SNG00759', 'Song 759'),
('SNG00760', 'Song 760'),
('SNG00761', 'Song 761'),
('SNG00762', 'Song 762'),
('SNG00763', 'Song 763'),
('SNG00764', 'Song 764'),
('SNG00765', 'Song 765'),
('SNG00766', 'Song 766'),
('SNG00767', 'Song 767'),
('SNG00768', 'Song 768'),
('SNG00769', 'Song 769'),
('SNG00770', 'Song 770'),
('SNG00771', 'Song 771'),
('SNG00772', 'Song 772'),
('SNG00773', 'Song 773'),
('SNG00774', 'Song 774'),
('SNG00775', 'Song 775'),
('SNG00776', 'Song 776'),
('SNG00777', 'Song 777'),
('SNG00778', 'Song 778'),
('SNG00779', 'Song 779'),
('SNG00780', 'Song 780'),
('SNG00781', 'Song 781'),
('SNG00782', 'Song 782'),
('SNG00783', 'Song 783'),
('SNG00784', 'Song 784'),
('SNG00785', 'Song 785'),
('SNG00786', 'Song 786'),
('SNG00787', 'Song 787'),
('SNG00788', 'Song 788'),
('SNG00789', 'Song 789'),
('SNG00790', 'Song 790'),
('SNG00791', 'Song 791'),
('SNG00792', 'Song 792'),
('SNG00793', 'Song 793'),
('SNG00794', 'Song 794'),
('SNG00795', 'Song 795'),
('SNG00796', 'Song 796'),
('SNG00797', 'Song 797'),
('SNG00798', 'Song 798'),
('SNG00799', 'Song 799'),
('SNG00800', 'Song 800'),
('SNG00801', 'Song 801'),
('SNG00802', 'Song 802'),
('SNG00803', 'Song 803'),
('SNG00804', 'Song 804'),
('SNG00805', 'Song 805'),
('SNG00806', 'Song 806'),
('SNG00807', 'Song 807'),
('SNG00808', 'Song 808'),
('SNG00809', 'Song 809'),
('SNG00810', 'Song 810'),
('SNG00811', 'Song 811'),
('SNG00812', 'Song 812'),
('SNG00813', 'Song 813'),
('SNG00814', 'Song 814'),
('SNG00815', 'Song 815'),
('SNG00816', 'Song 816'),
('SNG00817', 'Song 817'),
('SNG00818', 'Song 818'),
('SNG00819', 'Song 819'),
('SNG00820', 'Song 820'),
('SNG00821', 'Song 821'),
('SNG00822', 'Song 822'),
('SNG00823', 'Song 823'),
('SNG00824', 'Song 824'),
('SNG00825', 'Song 825'),
('SNG00826', 'Song 826'),
('SNG00827', 'Song 827'),
('SNG00828', 'Song 828'),
('SNG00829', 'Song 829'),
('SNG00830', 'Song 830'),
('SNG00831', 'Song 831'),
('SNG00832', 'Song 832'),
('SNG00833', 'Song 833'),
('SNG00834', 'Song 834'),
('SNG00835', 'Song 835'),
('SNG00836', 'Song 836'),
('SNG00837', 'Song 837'),
('SNG00838', 'Song 838'),
('SNG00839', 'Song 839'),
('SNG00840', 'Song 840'),
('SNG00841', 'Song 841'),
('SNG00842', 'Song 842'),
('SNG00843', 'Song 843'),
('SNG00844', 'Song 844'),
('SNG00845', 'Song 845'),
('SNG00846', 'Song 846'),
('SNG00847', 'Song 847'),
('SNG00848', 'Song 848'),
('SNG00849', 'Song 849'),
('SNG00850', 'Song 850'),
('SNG00851', 'Song 851'),
('SNG00852', 'Song 852'),
('SNG00853', 'Song 853'),
('SNG00854', 'Song 854'),
('SNG00855', 'Song 855'),
('SNG00856', 'Song 856'),
('SNG00857', 'Song 857'),
('SNG00858', 'Song 858'),
('SNG00859', 'Song 859'),
('SNG00860', 'Song 860'),
('SNG00861', 'Song 861'),
('SNG00862', 'Song 862'),
('SNG00863', 'Song 863'),
('SNG00864', 'Song 864'),
('SNG00865', 'Song 865'),
('SNG00866', 'Song 866'),
('SNG00867', 'Song 867'),
('SNG00868', 'Song 868'),
('SNG00869', 'Song 869'),
('SNG00870', 'Song 870'),
('SNG00871', 'Song 871'),
('SNG00872', 'Song 872'),
('SNG00873', 'Song 873'),
('SNG00874', 'Song 874'),
('SNG00875', 'Song 875'),
('SNG00876', 'Song 876'),
('SNG00877', 'Song 877'),
('SNG00878', 'Song 878'),
('SNG00879', 'Song 879'),
('SNG00880', 'Song 880'),
('SNG00881', 'Song 881'),
('SNG00882', 'Song 882'),
('SNG00883', 'Song 883'),
('SNG00884', 'Song 884'),
('SNG00885', 'Song 885'),
('SNG00886', 'Song 886'),
('SNG00887', 'Song 887'),
('SNG00888', 'Song 888'),
('SNG00889', 'Song 889'),
('SNG00890', 'Song 890'),
('SNG00891', 'Song 891'),
('SNG00892', 'Song 892'),
('SNG00893', 'Song 893'),
('SNG00894', 'Song 894'),
('SNG00895', 'Song 895'),
('SNG00896', 'Song 896'),
('SNG00897', 'Song 897'),
('SNG00898', 'Song 898'),
('SNG00899', 'Song 899'),
('SNG00900', 'Song 900'),
('SNG00901', 'Song 901'),
('SNG00902', 'Song 902'),
('SNG00903', 'Song 903'),
('SNG00904', 'Song 904'),
('SNG00905', 'Song 905'),
('SNG00906', 'Song 906'),
('SNG00907', 'Song 907'),
('SNG00908', 'Song 908'),
('SNG00909', 'Song 909'),
('SNG00910', 'Song 910'),
('SNG00911', 'Song 911'),
('SNG00912', 'Song 912'),
('SNG00913', 'Song 913'),
('SNG00914', 'Song 914'),
('SNG00915', 'Song 915'),
('SNG00916', 'Song 916'),
('SNG00917', 'Song 917'),
('SNG00918', 'Song 918'),
('SNG00919', 'Song 919'),
('SNG00920', 'Song 920'),
('SNG00921', 'Song 921'),
('SNG00922', 'Song 922'),
('SNG00923', 'Song 923'),
('SNG00924', 'Song 924'),
('SNG00925', 'Song 925'),
('SNG00926', 'Song 926'),
('SNG00927', 'Song 927'),
('SNG00928', 'Song 928'),
('SNG00929', 'Song 929'),
('SNG00930', 'Song 930'),
('SNG00931', 'Song 931'),
('SNG00932', 'Song 932'),
('SNG00933', 'Song 933'),
('SNG00934', 'Song 934'),
('SNG00935', 'Song 935'),
('SNG00936', 'Song 936'),
('SNG00937', 'Song 937'),
('SNG00938', 'Song 938'),
('SNG00939', 'Song 939'),
('SNG00940', 'Song 940'),
('SNG00941', 'Song 941'),
('SNG00942', 'Song 942'),
('SNG00943', 'Song 943'),
('SNG00944', 'Song 944'),
('SNG00945', 'Song 945'),
('SNG00946', 'Song 946'),
('SNG00947', 'Song 947'),
('SNG00948', 'Song 948'),
('SNG00949', 'Song 949'),
('SNG00950', 'Song 950'),
('SNG00951', 'Song 951'),
('SNG00952', 'Song 952'),
('SNG00953', 'Song 953'),
('SNG00954', 'Song 954'),
('SNG00955', 'Song 955'),
('SNG00956', 'Song 956'),
('SNG00957', 'Song 957'),
('SNG00958', 'Song 958'),
('SNG00959', 'Song 959'),
('SNG00960', 'Song 960'),
('SNG00961', 'Song 961'),
('SNG00962', 'Song 962'),
('SNG00963', 'Song 963'),
('SNG00964', 'Song 964'),
('SNG00965', 'Song 965'),
('SNG00966', 'Song 966'),
('SNG00967', 'Song 967'),
('SNG00968', 'Song 968'),
('SNG00969', 'Song 969'),
('SNG00970', 'Song 970'),
('SNG00971', 'Song 971'),
('SNG00972', 'Song 972'),
('SNG00973', 'Song 973'),
('SNG00974', 'Song 974'),
('SNG00975', 'Song 975'),
('SNG00976', 'Song 976'),
('SNG00977', 'Song 977'),
('SNG00978', 'Song 978'),
('SNG00979', 'Song 979'),
('SNG00980', 'Song 980'),
('SNG00981', 'Song 981'),
('SNG00982', 'Song 982'),
('SNG00983', 'Song 983'),
('SNG00984', 'Song 984'),
('SNG00985', 'Song 985'),
('SNG00986', 'Song 986'),
('SNG00987', 'Song 987'),
('SNG00988', 'Song 988'),
('SNG00989', 'Song 989'),
('SNG00990', 'Song 990'),
('SNG00991', 'Song 991'),
('SNG00992', 'Song 992'),
('SNG00993', 'Song 993'),
('SNG00994', 'Song 994'),
('SNG00995', 'Song 995'),
('SNG00996', 'Song 996'),
('SNG00997', 'Song 997'),
('SNG00998', 'Song 998'),
('SNG00999', 'Song 999'),
('SNG01000', 'Song 1000');

-- artists
INSERT INTO artists (artid, name) VALUES
('ART00001', 'Synthetic Artist 1'),
('ART00002', 'Synthetic Artist 2'),
('ART00003', 'Synthetic Artist 3'),
('ART00004', 'Synthetic Artist 4'),
('ART00005', 'Synthetic Artist 5'),
('ART00006', 'Synthetic Artist 6'),
('ART00007', 'Synthetic Artist 7'),
('ART00008', 'Synthetic Artist 8'),
('ART00009', 'Synthetic Artist 9'),
('ART00010', 'Synthetic Artist 10'),
('ART00011', 'Synthetic Artist 11'),
('ART00012', 'Synthetic Artist 12'),
('ART00013', 'Synthetic Artist 13'),
('ART00014', 'Synthetic Artist 14'),
('ART00015', 'Synthetic Artist 15'),
('ART00016', 'Synthetic Artist 16'),
('ART00017', 'Synthetic Artist 17'),
('ART00018', 'Synthetic Artist 18'),
('ART00019', 'Synthetic Artist 19'),
('ART00020', 'Synthetic Artist 20'),
('ART00021', 'Synthetic Artist 21'),
('ART00022', 'Synthetic Artist 22'),
('ART00023', 'Synthetic Artist 23'),
('ART00024', 'Synthetic Artist 24'),
('ART00025', 'Synthetic Artist 25'),
('ART00026', 'Synthetic Artist 26'),
('ART00027', 'Synthetic Artist 27'),
('ART00028', 'Synthetic Artist 28'),
('ART00029', 'Synthetic Artist 29'),
('ART00030', 'Synthetic Artist 30'),
('ART00031', 'Synthetic Artist 31'),
('ART00032', 'Synthetic Artist 32'),
('ART00033', 'Synthetic Artist 33'),
('ART00034', 'Synthetic Artist 34'),
('ART00035', 'Synthetic Artist 35'),
('ART00036', 'Synthetic Artist 36'),
('ART00037', 'Synthetic Artist 37'),
('ART00038', 'Synthetic Artist 38'),
('ART00039', 'Synthetic Artist 39'),
('ART00040', 'Synthetic Artist 40'),
('ART00041', 'Synthetic Artist 41'),
('ART00042', 'Synthetic Artist 42'),
('ART00043', 'Synthetic Artist 43'),
('ART00044', 'Synthetic Artist 44'),
('ART00045', 'Synthetic Artist 45'),
('ART00046', 'Synthetic Artist 46'),
('ART00047', 'Synthetic Artist 47'),
('ART00048', 'Synthetic Artist 48'),
('ART00049', 'Synthetic Artist 49'),
('ART00050', 'Synthetic Artist 50'),
('ART00051', 'Synthetic Artist 51'),
('ART00052', 'Synthetic Artist 52'),
('ART00053', 'Synthetic Artist 53'),
('ART00054', 'Synthetic Artist 54'),
('ART00055', 'Synthetic Artist 55'),
('ART00056', 'Synthetic Artist 56'),
('ART00057', 'Synthetic Artist 57'),
('ART00058', 'Synthetic Artist 58'),
('ART00059', 'Synthetic Artist 59'),
('ART00060', 'Synthetic Artist 60'),
('ART00061', 'Synthetic Artist 61'),
('ART00062', 'Synthetic Artist 62'),
('ART00063', 'Synthetic Artist 63'),
('ART00064', 'Synthetic Artist 64'),
('ART00065', 'Synthetic Artist 65'),
('ART00066', 'Synthetic Artist 66'),
('ART00067', 'Synthetic Artist 67'),
('ART00068', 'Synthetic Artist 68'),
('ART00069', 'Synthetic Artist 69'),
('ART00070', 'Synthetic Artist 70'),
('ART00071', 'Synthetic Artist 71'),
('ART00072', 'Synthetic Artist 72'),
('ART00073', 'Synthetic Artist 73'),
('ART00074', 'Synthetic Artist 74'),
('ART00075', 'Synthetic Artist 75'),
('ART00076', 'Synthetic Artist 76'),
('ART00077', 'Synthetic Artist 77'),
('ART00078', 'Synthetic Artist 78'),
('ART00079', 'Synthetic Artist 79'),
('ART00080', 'Synthetic Artist 80'),
('ART00081', 'Synthetic Artist 81'),
('ART00082', 'Synthetic Artist 82'),
('ART00083', 'Synthetic Artist 83'),
('ART00084', 'Synthetic Artist 84'),
('ART00085', 'Synthetic Artist 85'),
('ART00086', 'Synthetic Artist 86'),
('ART00087', 'Synthetic Artist 87'),
('ART00088', 'Synthetic Artist 88'),
('ART00089', 'Synthetic Artist 89'),
('ART00090', 'Synthetic Artist 90'),
('ART00091', 'Synthetic Artist 91'),
('ART00092', 'Synthetic Artist 92'),
('ART00093', 'Synthetic Artist 93'),
('ART00094', 'Synthetic Artist 94'),
('ART00095', 'Synthetic Artist 95'),
('ART00096', 'Synthetic Artist 96'),
('ART00097', 'Synthetic Artist 97'),
('ART00098', 'Synthetic Artist 98'),
('ART00099', 'Synthetic Artist 99'),
('ART00100', 'Synthetic Artist 100'),
('ART00101', 'Synthetic Artist 101'),
('ART00102', 'Synthetic Artist 102'),
('ART00103', 'Synthetic Artist 103'),
('ART00104', 'Synthetic Artist 104'),
('ART00105', 'Synthetic Artist 105'),
('ART00106', 'Synthetic Artist 106'),
('ART00107', 'Synthetic Artist 107'),
('ART00108', 'Synthetic Artist 108'),
('ART00109', 'Synthetic Artist 109'),
('ART00110', 'Synthetic Artist 110'),
('ART00111', 'Synthetic Artist 111'),
('ART00112', 'Synthetic Artist 112'),
('ART00113', 'Synthetic Artist 113'),
('ART00114', 'Synthetic Artist 114'),
('ART00115', 'Synthetic Artist 115'),
('ART00116', 'Synthetic Artist 116'),
('ART00117', 'Synthetic Artist 117'),
('ART00118', 'Synthetic Artist 118'),
('ART00119', 'Synthetic Artist 119'),
('ART00120', 'Synthetic Artist 120'),
('ART00121', 'Synthetic Artist 121'),
('ART00122', 'Synthetic Artist 122'),
('ART00123', 'Synthetic Artist 123'),
('ART00124', 'Synthetic Artist 124'),
('ART00125', 'Synthetic Artist 125'),
('ART00126', 'Synthetic Artist 126'),
('ART00127', 'Synthetic Artist 127'),
('ART00128', 'Synthetic Artist 128'),
('ART00129', 'Synthetic Artist 129'),
('ART00130', 'Synthetic Artist 130'),
('ART00131', 'Synthetic Artist 131'),
('ART00132', 'Synthetic Artist 132'),
('ART00133', 'Synthetic Artist 133'),
('ART00134', 'Synthetic Artist 134'),
('ART00135', 'Synthetic Artist 135'),
('ART00136', 'Synthetic Artist 136'),
('ART00137', 'Synthetic Artist 137'),
('ART00138', 'Synthetic Artist 138'),
('ART00139', 'Synthetic Artist 139'),
('ART00140', 'Synthetic Artist 140'),
('ART00141', 'Synthetic Artist 141'),
('ART00142', 'Synthetic Artist 142'),
('ART00143', 'Synthetic Artist 143'),
('ART00144', 'Synthetic Artist 144'),
('ART00145', 'Synthetic Artist 145'),
('ART00146', 'Synthetic Artist 146'),
('ART00147', 'Synthetic Artist 147'),
('ART00148', 'Synthetic Artist 148'),
('ART00149', 'Synthetic Artist 149'),
('ART00150', 'Synthetic Artist 150'),
('ART00151', 'Synthetic Artist 151'),
('ART00152', 'Synthetic Artist 152'),
('ART00153', 'Synthetic Artist 153'),
('ART00154', 'Synthetic Artist 154'),
('ART00155', 'Synthetic Artist 155'),
('ART00156', 'Synthetic Artist 156'),
('ART00157', 'Synthetic Artist 157'),
('ART00158', 'Synthetic Artist 158'),
('ART00159', 'Synthetic Artist 159'),
('ART00160', 'Synthetic Artist 160'),
('ART00161', 'Synthetic Artist 161'),
('ART00162', 'Synthetic Artist 162'),
('ART00163', 'Synthetic Artist 163'),
('ART00164', 'Synthetic Artist 164'),
('ART00165', 'Synthetic Artist 165'),
('ART00166', 'Synthetic Artist 166'),
('ART00167', 'Synthetic Artist 167'),
('ART00168', 'Synthetic Artist 168'),
('ART00169', 'Synthetic Artist 169'),
('ART00170', 'Synthetic Artist 170'),
('ART00171', 'Synthetic Artist 171'),
('ART00172', 'Synthetic Artist 172'),
('ART00173', 'Synthetic Artist 173'),
('ART00174', 'Synthetic Artist 174'),
('ART00175', 'Synthetic Artist 175'),
('ART00176', 'Synthetic Artist 176'),
('ART00177', 'Synthetic Artist 177'),
('ART00178', 'Synthetic Artist 178'),
('ART00179', 'Synthetic Artist 179'),
('ART00180', 'Synthetic Artist 180'),
('ART00181', 'Synthetic Artist 181'),
('ART00182', 'Synthetic Artist 182'),
('ART00183', 'Synthetic Artist 183'),
('ART00184', 'Synthetic Artist 184'),
('ART00185', 'Synthetic Artist 185'),
('ART00186', 'Synthetic Artist 186'),
('ART00187', 'Synthetic Artist 187'),
('ART00188', 'Synthetic Artist 188'),
('ART00189', 'Synthetic Artist 189'),
('ART00190', 'Synthetic Artist 190'),
('ART00191', 'Synthetic Artist 191'),
('ART00192', 'Synthetic Artist 192'),
('ART00193', 'Synthetic Artist 193'),
('ART00194', 'Synthetic Artist 194'),
('ART00195', 'Synthetic Artist 195'),
('ART00196', 'Synthetic Artist 196'),
('ART00197', 'Synthetic Artist 197'),
('ART00198', 'Synthetic Artist 198'),
('ART00199', 'Synthetic Artist 199'),
('ART00200', 'Synthetic Artist 200'),
('ART00201', 'Synthetic Artist 201'),
('ART00202', 'Synthetic Artist 202'),
('ART00203', 'Synthetic Artist 203'),
('ART00204', 'Synthetic Artist 204'),
('ART00205', 'Synthetic Artist 205'),
('ART00206', 'Synthetic Artist 206'),
('ART00207', 'Synthetic Artist 207'),
('ART00208', 'Synthetic Artist 208'),
('ART00209', 'Synthetic Artist 209'),
('ART00210', 'Synthetic Artist 210'),
('ART00211', 'Synthetic Artist 211'),
('ART00212', 'Synthetic Artist 212'),
('ART00213', 'Synthetic Artist 213'),
('ART00214', 'Synthetic Artist 214'),
('ART00215', 'Synthetic Artist 215'),
('ART00216', 'Synthetic Artist 216'),
('ART00217', 'Synthetic Artist 217'),
('ART00218', 'Synthetic Artist 218'),
('ART00219', 'Synthetic Artist 219'),
('ART00220', 'Synthetic Artist 220'),
('ART00221', 'Synthetic Artist 221'),
('ART00222', 'Synthetic Artist 222'),
('ART00223', 'Synthetic Artist 223'),
('ART00224', 'Synthetic Artist 224'),
('ART00225', 'Synthetic Artist 225'),
('ART00226', 'Synthetic Artist 226'),
('ART00227', 'Synthetic Artist 227'),
('ART00228', 'Synthetic Artist 228'),
('ART00229', 'Synthetic Artist 229'),
('ART00230', 'Synthetic Artist 230'),
('ART00231', 'Synthetic Artist 231'),
('ART00232', 'Synthetic Artist 232'),
('ART00233', 'Synthetic Artist 233'),
('ART00234', 'Synthetic Artist 234'),
('ART00235', 'Synthetic Artist 235'),
('ART00236', 'Synthetic Artist 236'),
('ART00237', 'Synthetic Artist 237'),
('ART00238', 'Synthetic Artist 238'),
('ART00239', 'Synthetic Artist 239'),
('ART00240', 'Synthetic Artist 240'),
('ART00241', 'Synthetic Artist 241'),
('ART00242', 'Synthetic Artist 242'),
('ART00243', 'Synthetic Artist 243'),
('ART00244', 'Synthetic Artist 244'),
('ART00245', 'Synthetic Artist 245'),
('ART00246', 'Synthetic Artist 246'),
('ART00247', 'Synthetic Artist 247'),
('ART00248', 'Synthetic Artist 248'),
('ART00249', 'Synthetic Artist 249'),
('ART00250', 'Synthetic Artist 250'),
('ART00251', 'Synthetic Artist 251'),
('ART00252', 'Synthetic Artist 252'),
('ART00253', 'Synthetic Artist 253'),
('ART00254', 'Synthetic Artist 254'),
('ART00255', 'Synthetic Artist 255'),
('ART00256', 'Synthetic Artist 256'),
('ART00257', 'Synthetic Artist 257'),
('ART00258', 'Synthetic Artist 258'),
('ART00259', 'Synthetic Artist 259'),
('ART00260', 'Synthetic Artist 260'),
('ART00261', 'Synthetic Artist 261'),
('ART00262', 'Synthetic Artist 262'),
('ART00263', 'Synthetic Artist 263'),
('ART00264', 'Synthetic Artist 264'),
('ART00265', 'Synthetic Artist 265'),
('ART00266', 'Synthetic Artist 266'),
('ART00267', 'Synthetic Artist 267'),
('ART00268', 'Synthetic Artist 268'),
('ART00269', 'Synthetic Artist 269'),
('ART00270', 'Synthetic Artist 270'),
('ART00271', 'Synthetic Artist 271'),
('ART00272', 'Synthetic Artist 272'),
('ART00273', 'Synthetic Artist 273'),
('ART00274', 'Synthetic Artist 274'),
('ART00275', 'Synthetic Artist 275'),
('ART00276', 'Synthetic Artist 276'),
('ART00277', 'Synthetic Artist 277'),
('ART00278', 'Synthetic Artist 278'),
('ART00279', 'Synthetic Artist 279'),
('ART00280', 'Synthetic Artist 280'),
('ART00281', 'Synthetic Artist 281'),
('ART00282', 'Synthetic Artist 282'),
('ART00283', 'Synthetic Artist 283'),
('ART00284', 'Synthetic Artist 284'),
('ART00285', 'Synthetic Artist 285'),
('ART00286', 'Synthetic Artist 286'),
('ART00287', 'Synthetic Artist 287'),
('ART00288', 'Synthetic Artist 288'),
('ART00289', 'Synthetic Artist 289'),
('ART00290', 'Synthetic Artist 290'),
('ART00291', 'Synthetic Artist 291'),
('ART00292', 'Synthetic Artist 292'),
('ART00293', 'Synthetic Artist 293'),
('ART00294', 'Synthetic Artist 294'),
('ART00295', 'Synthetic Artist 295'),
('ART00296', 'Synthetic Artist 296'),
('ART00297', 'Synthetic Artist 297'),
('ART00298', 'Synthetic Artist 298'),
('ART00299', 'Synthetic Artist 299'),
('ART00300', 'Synthetic Artist 300');

-- albums
INSERT INTO albums (alid, title, release_date) VALUES
('ALB00001', 'Synthetic Album 1', '2024-01-02'),
('ALB00002', 'Synthetic Album 2', '2024-01-03'),
('ALB00003', 'Synthetic Album 3', '2024-01-04'),
('ALB00004', 'Synthetic Album 4', '2024-01-05'),
('ALB00005', 'Synthetic Album 5', '2024-01-06'),
('ALB00006', 'Synthetic Album 6', '2024-01-07'),
('ALB00007', 'Synthetic Album 7', '2024-01-08'),
('ALB00008', 'Synthetic Album 8', '2024-01-09'),
('ALB00009', 'Synthetic Album 9', '2024-01-10'),
('ALB00010', 'Synthetic Album 10', '2024-01-11'),
('ALB00011', 'Synthetic Album 11', '2024-01-12'),
('ALB00012', 'Synthetic Album 12', '2024-01-13'),
('ALB00013', 'Synthetic Album 13', '2024-01-14'),
('ALB00014', 'Synthetic Album 14', '2024-01-15'),
('ALB00015', 'Synthetic Album 15', '2024-01-16'),
('ALB00016', 'Synthetic Album 16', '2024-01-17'),
('ALB00017', 'Synthetic Album 17', '2024-01-18'),
('ALB00018', 'Synthetic Album 18', '2024-01-19'),
('ALB00019', 'Synthetic Album 19', '2024-01-20'),
('ALB00020', 'Synthetic Album 20', '2024-01-21'),
('ALB00021', 'Synthetic Album 21', '2024-01-22'),
('ALB00022', 'Synthetic Album 22', '2024-01-23'),
('ALB00023', 'Synthetic Album 23', '2024-01-24'),
('ALB00024', 'Synthetic Album 24', '2024-01-25'),
('ALB00025', 'Synthetic Album 25', '2024-01-26'),
('ALB00026', 'Synthetic Album 26', '2024-01-27'),
('ALB00027', 'Synthetic Album 27', '2024-01-28'),
('ALB00028', 'Synthetic Album 28', '2024-01-29'),
('ALB00029', 'Synthetic Album 29', '2024-01-30'),
('ALB00030', 'Synthetic Album 30', '2024-01-31'),
('ALB00031', 'Synthetic Album 31', '2024-02-01'),
('ALB00032', 'Synthetic Album 32', '2024-02-02'),
('ALB00033', 'Synthetic Album 33', '2024-02-03'),
('ALB00034', 'Synthetic Album 34', '2024-02-04'),
('ALB00035', 'Synthetic Album 35', '2024-02-05'),
('ALB00036', 'Synthetic Album 36', '2024-02-06'),
('ALB00037', 'Synthetic Album 37', '2024-02-07'),
('ALB00038', 'Synthetic Album 38', '2024-02-08'),
('ALB00039', 'Synthetic Album 39', '2024-02-09'),
('ALB00040', 'Synthetic Album 40', '2024-02-10'),
('ALB00041', 'Synthetic Album 41', '2024-02-11'),
('ALB00042', 'Synthetic Album 42', '2024-02-12'),
('ALB00043', 'Synthetic Album 43', '2024-02-13'),
('ALB00044', 'Synthetic Album 44', '2024-02-14'),
('ALB00045', 'Synthetic Album 45', '2024-02-15'),
('ALB00046', 'Synthetic Album 46', '2024-02-16'),
('ALB00047', 'Synthetic Album 47', '2024-02-17'),
('ALB00048', 'Synthetic Album 48', '2024-02-18'),
('ALB00049', 'Synthetic Album 49', '2024-02-19'),
('ALB00050', 'Synthetic Album 50', '2024-02-20'),
('ALB00051', 'Synthetic Album 51', '2024-02-21'),
('ALB00052', 'Synthetic Album 52', '2024-02-22'),
('ALB00053', 'Synthetic Album 53', '2024-02-23'),
('ALB00054', 'Synthetic Album 54', '2024-02-24'),
('ALB00055', 'Synthetic Album 55', '2024-02-25'),
('ALB00056', 'Synthetic Album 56', '2024-02-26'),
('ALB00057', 'Synthetic Album 57', '2024-02-27'),
('ALB00058', 'Synthetic Album 58', '2024-02-28'),
('ALB00059', 'Synthetic Album 59', '2024-02-29'),
('ALB00060', 'Synthetic Album 60', '2024-03-01'),
('ALB00061', 'Synthetic Album 61', '2024-03-02'),
('ALB00062', 'Synthetic Album 62', '2024-03-03'),
('ALB00063', 'Synthetic Album 63', '2024-03-04'),
('ALB00064', 'Synthetic Album 64', '2024-03-05'),
('ALB00065', 'Synthetic Album 65', '2024-03-06'),
('ALB00066', 'Synthetic Album 66', '2024-03-07'),
('ALB00067', 'Synthetic Album 67', '2024-03-08'),
('ALB00068', 'Synthetic Album 68', '2024-03-09'),
('ALB00069', 'Synthetic Album 69', '2024-03-10'),
('ALB00070', 'Synthetic Album 70', '2024-03-11'),
('ALB00071', 'Synthetic Album 71', '2024-03-12'),
('ALB00072', 'Synthetic Album 72', '2024-03-13'),
('ALB00073', 'Synthetic Album 73', '2024-03-14'),
('ALB00074', 'Synthetic Album 74', '2024-03-15'),
('ALB00075', 'Synthetic Album 75', '2024-03-16'),
('ALB00076', 'Synthetic Album 76', '2024-03-17'),
('ALB00077', 'Synthetic Album 77', '2024-03-18'),
('ALB00078', 'Synthetic Album 78', '2024-03-19'),
('ALB00079', 'Synthetic Album 79', '2024-03-20'),
('ALB00080', 'Synthetic Album 80', '2024-03-21'),
('ALB00081', 'Synthetic Album 81', '2024-03-22'),
('ALB00082', 'Synthetic Album 82', '2024-03-23'),
('ALB00083', 'Synthetic Album 83', '2024-03-24'),
('ALB00084', 'Synthetic Album 84', '2024-03-25'),
('ALB00085', 'Synthetic Album 85', '2024-03-26'),
('ALB00086', 'Synthetic Album 86', '2024-03-27'),
('ALB00087', 'Synthetic Album 87', '2024-03-28'),
('ALB00088', 'Synthetic Album 88', '2024-03-29'),
('ALB00089', 'Synthetic Album 89', '2024-03-30'),
('ALB00090', 'Synthetic Album 90', '2024-03-31'),
('ALB00091', 'Synthetic Album 91', '2024-04-01'),
('ALB00092', 'Synthetic Album 92', '2024-04-02'),
('ALB00093', 'Synthetic Album 93', '2024-04-03'),
('ALB00094', 'Synthetic Album 94', '2024-04-04'),
('ALB00095', 'Synthetic Album 95', '2024-04-05'),
('ALB00096', 'Synthetic Album 96', '2024-04-06'),
('ALB00097', 'Synthetic Album 97', '2024-04-07'),
('ALB00098', 'Synthetic Album 98', '2024-04-08'),
('ALB00099', 'Synthetic Album 99', '2024-04-09'),
('ALB00100', 'Synthetic Album 100', '2024-04-10'),
('ALB00101', 'Synthetic Album 101', '2024-04-11'),
('ALB00102', 'Synthetic Album 102', '2024-04-12'),
('ALB00103', 'Synthetic Album 103', '2024-04-13'),
('ALB00104', 'Synthetic Album 104', '2024-04-14'),
('ALB00105', 'Synthetic Album 105', '2024-04-15'),
('ALB00106', 'Synthetic Album 106', '2024-04-16'),
('ALB00107', 'Synthetic Album 107', '2024-04-17'),
('ALB00108', 'Synthetic Album 108', '2024-04-18'),
('ALB00109', 'Synthetic Album 109', '2024-04-19'),
('ALB00110', 'Synthetic Album 110', '2024-04-20'),
('ALB00111', 'Synthetic Album 111', '2024-04-21'),
('ALB00112', 'Synthetic Album 112', '2024-04-22'),
('ALB00113', 'Synthetic Album 113', '2024-04-23'),
('ALB00114', 'Synthetic Album 114', '2024-04-24'),
('ALB00115', 'Synthetic Album 115', '2024-04-25'),
('ALB00116', 'Synthetic Album 116', '2024-04-26'),
('ALB00117', 'Synthetic Album 117', '2024-04-27'),
('ALB00118', 'Synthetic Album 118', '2024-04-28'),
('ALB00119', 'Synthetic Album 119', '2024-04-29'),
('ALB00120', 'Synthetic Album 120', '2024-04-30'),
('ALB00121', 'Synthetic Album 121', '2024-05-01'),
('ALB00122', 'Synthetic Album 122', '2024-05-02'),
('ALB00123', 'Synthetic Album 123', '2024-05-03'),
('ALB00124', 'Synthetic Album 124', '2024-05-04'),
('ALB00125', 'Synthetic Album 125', '2024-05-05'),
('ALB00126', 'Synthetic Album 126', '2024-05-06'),
('ALB00127', 'Synthetic Album 127', '2024-05-07'),
('ALB00128', 'Synthetic Album 128', '2024-05-08'),
('ALB00129', 'Synthetic Album 129', '2024-05-09'),
('ALB00130', 'Synthetic Album 130', '2024-05-10'),
('ALB00131', 'Synthetic Album 131', '2024-05-11'),
('ALB00132', 'Synthetic Album 132', '2024-05-12'),
('ALB00133', 'Synthetic Album 133', '2024-05-13'),
('ALB00134', 'Synthetic Album 134', '2024-05-14'),
('ALB00135', 'Synthetic Album 135', '2024-05-15'),
('ALB00136', 'Synthetic Album 136', '2024-05-16'),
('ALB00137', 'Synthetic Album 137', '2024-05-17'),
('ALB00138', 'Synthetic Album 138', '2024-05-18'),
('ALB00139', 'Synthetic Album 139', '2024-05-19'),
('ALB00140', 'Synthetic Album 140', '2024-05-20'),
('ALB00141', 'Synthetic Album 141', '2024-05-21'),
('ALB00142', 'Synthetic Album 142', '2024-05-22'),
('ALB00143', 'Synthetic Album 143', '2024-05-23'),
('ALB00144', 'Synthetic Album 144', '2024-05-24'),
('ALB00145', 'Synthetic Album 145', '2024-05-25'),
('ALB00146', 'Synthetic Album 146', '2024-05-26'),
('ALB00147', 'Synthetic Album 147', '2024-05-27'),
('ALB00148', 'Synthetic Album 148', '2024-05-28'),
('ALB00149', 'Synthetic Album 149', '2024-05-29'),
('ALB00150', 'Synthetic Album 150', '2024-05-30'),
('ALB00151', 'Synthetic Album 151', '2024-05-31'),
('ALB00152', 'Synthetic Album 152', '2024-06-01'),
('ALB00153', 'Synthetic Album 153', '2024-06-02'),
('ALB00154', 'Synthetic Album 154', '2024-06-03'),
('ALB00155', 'Synthetic Album 155', '2024-06-04'),
('ALB00156', 'Synthetic Album 156', '2024-06-05'),
('ALB00157', 'Synthetic Album 157', '2024-06-06'),
('ALB00158', 'Synthetic Album 158', '2024-06-07'),
('ALB00159', 'Synthetic Album 159', '2024-06-08'),
('ALB00160', 'Synthetic Album 160', '2024-06-09'),
('ALB00161', 'Synthetic Album 161', '2024-06-10'),
('ALB00162', 'Synthetic Album 162', '2024-06-11'),
('ALB00163', 'Synthetic Album 163', '2024-06-12'),
('ALB00164', 'Synthetic Album 164', '2024-06-13'),
('ALB00165', 'Synthetic Album 165', '2024-06-14'),
('ALB00166', 'Synthetic Album 166', '2024-06-15'),
('ALB00167', 'Synthetic Album 167', '2024-06-16'),
('ALB00168', 'Synthetic Album 168', '2024-06-17'),
('ALB00169', 'Synthetic Album 169', '2024-06-18'),
('ALB00170', 'Synthetic Album 170', '2024-06-19'),
('ALB00171', 'Synthetic Album 171', '2024-06-20'),
('ALB00172', 'Synthetic Album 172', '2024-06-21'),
('ALB00173', 'Synthetic Album 173', '2024-06-22'),
('ALB00174', 'Synthetic Album 174', '2024-06-23'),
('ALB00175', 'Synthetic Album 175', '2024-06-24'),
('ALB00176', 'Synthetic Album 176', '2024-06-25'),
('ALB00177', 'Synthetic Album 177', '2024-06-26'),
('ALB00178', 'Synthetic Album 178', '2024-06-27'),
('ALB00179', 'Synthetic Album 179', '2024-06-28'),
('ALB00180', 'Synthetic Album 180', '2024-06-29'),
('ALB00181', 'Synthetic Album 181', '2024-06-30'),
('ALB00182', 'Synthetic Album 182', '2024-07-01'),
('ALB00183', 'Synthetic Album 183', '2024-07-02'),
('ALB00184', 'Synthetic Album 184', '2024-07-03'),
('ALB00185', 'Synthetic Album 185', '2024-07-04'),
('ALB00186', 'Synthetic Album 186', '2024-07-05'),
('ALB00187', 'Synthetic Album 187', '2024-07-06'),
('ALB00188', 'Synthetic Album 188', '2024-07-07'),
('ALB00189', 'Synthetic Album 189', '2024-07-08'),
('ALB00190', 'Synthetic Album 190', '2024-07-09'),
('ALB00191', 'Synthetic Album 191', '2024-07-10'),
('ALB00192', 'Synthetic Album 192', '2024-07-11'),
('ALB00193', 'Synthetic Album 193', '2024-07-12'),
('ALB00194', 'Synthetic Album 194', '2024-07-13'),
('ALB00195', 'Synthetic Album 195', '2024-07-14'),
('ALB00196', 'Synthetic Album 196', '2024-07-15'),
('ALB00197', 'Synthetic Album 197', '2024-07-16'),
('ALB00198', 'Synthetic Album 198', '2024-07-17'),
('ALB00199', 'Synthetic Album 199', '2024-07-18'),
('ALB00200', 'Synthetic Album 200', '2024-07-19'),
('ALB00201', 'Synthetic Album 201', '2024-07-20'),
('ALB00202', 'Synthetic Album 202', '2024-07-21'),
('ALB00203', 'Synthetic Album 203', '2024-07-22'),
('ALB00204', 'Synthetic Album 204', '2024-07-23'),
('ALB00205', 'Synthetic Album 205', '2024-07-24'),
('ALB00206', 'Synthetic Album 206', '2024-07-25'),
('ALB00207', 'Synthetic Album 207', '2024-07-26'),
('ALB00208', 'Synthetic Album 208', '2024-07-27'),
('ALB00209', 'Synthetic Album 209', '2024-07-28'),
('ALB00210', 'Synthetic Album 210', '2024-07-29'),
('ALB00211', 'Synthetic Album 211', '2024-07-30'),
('ALB00212', 'Synthetic Album 212', '2024-07-31'),
('ALB00213', 'Synthetic Album 213', '2024-08-01'),
('ALB00214', 'Synthetic Album 214', '2024-08-02'),
('ALB00215', 'Synthetic Album 215', '2024-08-03'),
('ALB00216', 'Synthetic Album 216', '2024-08-04'),
('ALB00217', 'Synthetic Album 217', '2024-08-05'),
('ALB00218', 'Synthetic Album 218', '2024-08-06'),
('ALB00219', 'Synthetic Album 219', '2024-08-07'),
('ALB00220', 'Synthetic Album 220', '2024-08-08'),
('ALB00221', 'Synthetic Album 221', '2024-08-09'),
('ALB00222', 'Synthetic Album 222', '2024-08-10'),
('ALB00223', 'Synthetic Album 223', '2024-08-11'),
('ALB00224', 'Synthetic Album 224', '2024-08-12'),
('ALB00225', 'Synthetic Album 225', '2024-08-13'),
('ALB00226', 'Synthetic Album 226', '2024-08-14'),
('ALB00227', 'Synthetic Album 227', '2024-08-15'),
('ALB00228', 'Synthetic Album 228', '2024-08-16'),
('ALB00229', 'Synthetic Album 229', '2024-08-17'),
('ALB00230', 'Synthetic Album 230', '2024-08-18'),
('ALB00231', 'Synthetic Album 231', '2024-08-19'),
('ALB00232', 'Synthetic Album 232', '2024-08-20'),
('ALB00233', 'Synthetic Album 233', '2024-08-21'),
('ALB00234', 'Synthetic Album 234', '2024-08-22'),
('ALB00235', 'Synthetic Album 235', '2024-08-23'),
('ALB00236', 'Synthetic Album 236', '2024-08-24'),
('ALB00237', 'Synthetic Album 237', '2024-08-25'),
('ALB00238', 'Synthetic Album 238', '2024-08-26'),
('ALB00239', 'Synthetic Album 239', '2024-08-27'),
('ALB00240', 'Synthetic Album 240', '2024-08-28'),
('ALB00241', 'Synthetic Album 241', '2024-08-29'),
('ALB00242', 'Synthetic Album 242', '2024-08-30'),
('ALB00243', 'Synthetic Album 243', '2024-08-31'),
('ALB00244', 'Synthetic Album 244', '2024-09-01'),
('ALB00245', 'Synthetic Album 245', '2024-09-02'),
('ALB00246', 'Synthetic Album 246', '2024-09-03'),
('ALB00247', 'Synthetic Album 247', '2024-09-04'),
('ALB00248', 'Synthetic Album 248', '2024-09-05'),
('ALB00249', 'Synthetic Album 249', '2024-09-06'),
('ALB00250', 'Synthetic Album 250', '2024-09-07'),
('ALB00251', 'Synthetic Album 251', '2024-09-08'),
('ALB00252', 'Synthetic Album 252', '2024-09-09'),
('ALB00253', 'Synthetic Album 253', '2024-09-10'),
('ALB00254', 'Synthetic Album 254', '2024-09-11'),
('ALB00255', 'Synthetic Album 255', '2024-09-12'),
('ALB00256', 'Synthetic Album 256', '2024-09-13'),
('ALB00257', 'Synthetic Album 257', '2024-09-14'),
('ALB00258', 'Synthetic Album 258', '2024-09-15'),
('ALB00259', 'Synthetic Album 259', '2024-09-16'),
('ALB00260', 'Synthetic Album 260', '2024-09-17'),
('ALB00261', 'Synthetic Album 261', '2024-09-18'),
('ALB00262', 'Synthetic Album 262', '2024-09-19'),
('ALB00263', 'Synthetic Album 263', '2024-09-20'),
('ALB00264', 'Synthetic Album 264', '2024-09-21'),
('ALB00265', 'Synthetic Album 265', '2024-09-22'),
('ALB00266', 'Synthetic Album 266', '2024-09-23'),
('ALB00267', 'Synthetic Album 267', '2024-09-24'),
('ALB00268', 'Synthetic Album 268', '2024-09-25'),
('ALB00269', 'Synthetic Album 269', '2024-09-26'),
('ALB00270', 'Synthetic Album 270', '2024-09-27'),
('ALB00271', 'Synthetic Album 271', '2024-09-28'),
('ALB00272', 'Synthetic Album 272', '2024-09-29'),
('ALB00273', 'Synthetic Album 273', '2024-09-30'),
('ALB00274', 'Synthetic Album 274', '2024-10-01'),
('ALB00275', 'Synthetic Album 275', '2024-10-02'),
('ALB00276', 'Synthetic Album 276', '2024-10-03'),
('ALB00277', 'Synthetic Album 277', '2024-10-04'),
('ALB00278', 'Synthetic Album 278', '2024-10-05'),
('ALB00279', 'Synthetic Album 279', '2024-10-06'),
('ALB00280', 'Synthetic Album 280', '2024-10-07'),
('ALB00281', 'Synthetic Album 281', '2024-10-08'),
('ALB00282', 'Synthetic Album 282', '2024-10-09'),
('ALB00283', 'Synthetic Album 283', '2024-10-10'),
('ALB00284', 'Synthetic Album 284', '2024-10-11'),
('ALB00285', 'Synthetic Album 285', '2024-10-12'),
('ALB00286', 'Synthetic Album 286', '2024-10-13'),
('ALB00287', 'Synthetic Album 287', '2024-10-14'),
('ALB00288', 'Synthetic Album 288', '2024-10-15'),
('ALB00289', 'Synthetic Album 289', '2024-10-16'),
('ALB00290', 'Synthetic Album 290', '2024-10-17'),
('ALB00291', 'Synthetic Album 291', '2024-10-18'),
('ALB00292', 'Synthetic Album 292', '2024-10-19'),
('ALB00293', 'Synthetic Album 293', '2024-10-20'),
('ALB00294', 'Synthetic Album 294', '2024-10-21'),
('ALB00295', 'Synthetic Album 295', '2024-10-22'),
('ALB00296', 'Synthetic Album 296', '2024-10-23'),
('ALB00297', 'Synthetic Album 297', '2024-10-24'),
('ALB00298', 'Synthetic Album 298', '2024-10-25'),
('ALB00299', 'Synthetic Album 299', '2024-10-26'),
('ALB00300', 'Synthetic Album 300', '2024-10-27');

-- album_owned_by_artist
INSERT INTO album_owned_by_artist (alid, artid) VALUES
('ALB00001', 'ART00001'),
('ALB00002', 'ART00002'),
('ALB00003', 'ART00003'),
('ALB00004', 'ART00004'),
('ALB00005', 'ART00005'),
('ALB00006', 'ART00006'),
('ALB00007', 'ART00007'),
('ALB00008', 'ART00008'),
('ALB00009', 'ART00009'),
('ALB00010', 'ART00010'),
('ALB00011', 'ART00011'),
('ALB00012', 'ART00012'),
('ALB00013', 'ART00013'),
('ALB00014', 'ART00014'),
('ALB00015', 'ART00015'),
('ALB00016', 'ART00016'),
('ALB00017', 'ART00017'),
('ALB00018', 'ART00018'),
('ALB00019', 'ART00019'),
('ALB00020', 'ART00020'),
('ALB00021', 'ART00021'),
('ALB00022', 'ART00022'),
('ALB00023', 'ART00023'),
('ALB00024', 'ART00024'),
('ALB00025', 'ART00025'),
('ALB00026', 'ART00026'),
('ALB00027', 'ART00027'),
('ALB00028', 'ART00028'),
('ALB00029', 'ART00029'),
('ALB00030', 'ART00030'),
('ALB00031', 'ART00031'),
('ALB00032', 'ART00032'),
('ALB00033', 'ART00033'),
('ALB00034', 'ART00034'),
('ALB00035', 'ART00035'),
('ALB00036', 'ART00036'),
('ALB00037', 'ART00037'),
('ALB00038', 'ART00038'),
('ALB00039', 'ART00039'),
('ALB00040', 'ART00040'),
('ALB00041', 'ART00041'),
('ALB00042', 'ART00042'),
('ALB00043', 'ART00043'),
('ALB00044', 'ART00044'),
('ALB00045', 'ART00045'),
('ALB00046', 'ART00046'),
('ALB00047', 'ART00047'),
('ALB00048', 'ART00048'),
('ALB00049', 'ART00049'),
('ALB00050', 'ART00050'),
('ALB00051', 'ART00051'),
('ALB00052', 'ART00052'),
('ALB00053', 'ART00053'),
('ALB00054', 'ART00054'),
('ALB00055', 'ART00055'),
('ALB00056', 'ART00056'),
('ALB00057', 'ART00057'),
('ALB00058', 'ART00058'),
('ALB00059', 'ART00059'),
('ALB00060', 'ART00060'),
('ALB00061', 'ART00061'),
('ALB00062', 'ART00062'),
('ALB00063', 'ART00063'),
('ALB00064', 'ART00064'),
('ALB00065', 'ART00065'),
('ALB00066', 'ART00066'),
('ALB00067', 'ART00067'),
('ALB00068', 'ART00068'),
('ALB00069', 'ART00069'),
('ALB00070', 'ART00070'),
('ALB00071', 'ART00071'),
('ALB00072', 'ART00072'),
('ALB00073', 'ART00073'),
('ALB00074', 'ART00074'),
('ALB00075', 'ART00075'),
('ALB00076', 'ART00076'),
('ALB00077', 'ART00077'),
('ALB00078', 'ART00078'),
('ALB00079', 'ART00079'),
('ALB00080', 'ART00080'),
('ALB00081', 'ART00081'),
('ALB00082', 'ART00082'),
('ALB00083', 'ART00083'),
('ALB00084', 'ART00084'),
('ALB00085', 'ART00085'),
('ALB00086', 'ART00086'),
('ALB00087', 'ART00087'),
('ALB00088', 'ART00088'),
('ALB00089', 'ART00089'),
('ALB00090', 'ART00090'),
('ALB00091', 'ART00091'),
('ALB00092', 'ART00092'),
('ALB00093', 'ART00093'),
('ALB00094', 'ART00094'),
('ALB00095', 'ART00095'),
('ALB00096', 'ART00096'),
('ALB00097', 'ART00097'),
('ALB00098', 'ART00098'),
('ALB00099', 'ART00099'),
('ALB00100', 'ART00100'),
('ALB00101', 'ART00101'),
('ALB00102', 'ART00102'),
('ALB00103', 'ART00103'),
('ALB00104', 'ART00104'),
('ALB00105', 'ART00105'),
('ALB00106', 'ART00106'),
('ALB00107', 'ART00107'),
('ALB00108', 'ART00108'),
('ALB00109', 'ART00109'),
('ALB00110', 'ART00110'),
('ALB00111', 'ART00111'),
('ALB00112', 'ART00112'),
('ALB00113', 'ART00113'),
('ALB00114', 'ART00114'),
('ALB00115', 'ART00115'),
('ALB00116', 'ART00116'),
('ALB00117', 'ART00117'),
('ALB00118', 'ART00118'),
('ALB00119', 'ART00119'),
('ALB00120', 'ART00120'),
('ALB00121', 'ART00121'),
('ALB00122', 'ART00122'),
('ALB00123', 'ART00123'),
('ALB00124', 'ART00124'),
('ALB00125', 'ART00125'),
('ALB00126', 'ART00126'),
('ALB00127', 'ART00127'),
('ALB00128', 'ART00128'),
('ALB00129', 'ART00129'),
('ALB00130', 'ART00130'),
('ALB00131', 'ART00131'),
('ALB00132', 'ART00132'),
('ALB00133', 'ART00133'),
('ALB00134', 'ART00134'),
('ALB00135', 'ART00135'),
('ALB00136', 'ART00136'),
('ALB00137', 'ART00137'),
('ALB00138', 'ART00138'),
('ALB00139', 'ART00139'),
('ALB00140', 'ART00140'),
('ALB00141', 'ART00141'),
('ALB00142', 'ART00142'),
('ALB00143', 'ART00143'),
('ALB00144', 'ART00144'),
('ALB00145', 'ART00145'),
('ALB00146', 'ART00146'),
('ALB00147', 'ART00147'),
('ALB00148', 'ART00148'),
('ALB00149', 'ART00149'),
('ALB00150', 'ART00150'),
('ALB00151', 'ART00151'),
('ALB00152', 'ART00152'),
('ALB00153', 'ART00153'),
('ALB00154', 'ART00154'),
('ALB00155', 'ART00155'),
('ALB00156', 'ART00156'),
('ALB00157', 'ART00157'),
('ALB00158', 'ART00158'),
('ALB00159', 'ART00159'),
('ALB00160', 'ART00160'),
('ALB00161', 'ART00161'),
('ALB00162', 'ART00162'),
('ALB00163', 'ART00163'),
('ALB00164', 'ART00164'),
('ALB00165', 'ART00165'),
('ALB00166', 'ART00166'),
('ALB00167', 'ART00167'),
('ALB00168', 'ART00168'),
('ALB00169', 'ART00169'),
('ALB00170', 'ART00170'),
('ALB00171', 'ART00171'),
('ALB00172', 'ART00172'),
('ALB00173', 'ART00173'),
('ALB00174', 'ART00174'),
('ALB00175', 'ART00175'),
('ALB00176', 'ART00176'),
('ALB00177', 'ART00177'),
('ALB00178', 'ART00178'),
('ALB00179', 'ART00179'),
('ALB00180', 'ART00180'),
('ALB00181', 'ART00181'),
('ALB00182', 'ART00182'),
('ALB00183', 'ART00183'),
('ALB00184', 'ART00184'),
('ALB00185', 'ART00185'),
('ALB00186', 'ART00186'),
('ALB00187', 'ART00187'),
('ALB00188', 'ART00188'),
('ALB00189', 'ART00189'),
('ALB00190', 'ART00190'),
('ALB00191', 'ART00191'),
('ALB00192', 'ART00192'),
('ALB00193', 'ART00193'),
('ALB00194', 'ART00194'),
('ALB00195', 'ART00195'),
('ALB00196', 'ART00196'),
('ALB00197', 'ART00197'),
('ALB00198', 'ART00198'),
('ALB00199', 'ART00199'),
('ALB00200', 'ART00200'),
('ALB00201', 'ART00201'),
('ALB00202', 'ART00202'),
('ALB00203', 'ART00203'),
('ALB00204', 'ART00204'),
('ALB00205', 'ART00205'),
('ALB00206', 'ART00206'),
('ALB00207', 'ART00207'),
('ALB00208', 'ART00208'),
('ALB00209', 'ART00209'),
('ALB00210', 'ART00210'),
('ALB00211', 'ART00211'),
('ALB00212', 'ART00212'),
('ALB00213', 'ART00213'),
('ALB00214', 'ART00214'),
('ALB00215', 'ART00215'),
('ALB00216', 'ART00216'),
('ALB00217', 'ART00217'),
('ALB00218', 'ART00218'),
('ALB00219', 'ART00219'),
('ALB00220', 'ART00220'),
('ALB00221', 'ART00221'),
('ALB00222', 'ART00222'),
('ALB00223', 'ART00223'),
('ALB00224', 'ART00224'),
('ALB00225', 'ART00225'),
('ALB00226', 'ART00226'),
('ALB00227', 'ART00227'),
('ALB00228', 'ART00228'),
('ALB00229', 'ART00229'),
('ALB00230', 'ART00230'),
('ALB00231', 'ART00231'),
('ALB00232', 'ART00232'),
('ALB00233', 'ART00233'),
('ALB00234', 'ART00234'),
('ALB00235', 'ART00235'),
('ALB00236', 'ART00236'),
('ALB00237', 'ART00237'),
('ALB00238', 'ART00238'),
('ALB00239', 'ART00239'),
('ALB00240', 'ART00240'),
('ALB00241', 'ART00241'),
('ALB00242', 'ART00242'),
('ALB00243', 'ART00243'),
('ALB00244', 'ART00244'),
('ALB00245', 'ART00245'),
('ALB00246', 'ART00246'),
('ALB00247', 'ART00247'),
('ALB00248', 'ART00248'),
('ALB00249', 'ART00249'),
('ALB00250', 'ART00250'),
('ALB00251', 'ART00251'),
('ALB00252', 'ART00252'),
('ALB00253', 'ART00253'),
('ALB00254', 'ART00254'),
('ALB00255', 'ART00255'),
('ALB00256', 'ART00256'),
('ALB00257', 'ART00257'),
('ALB00258', 'ART00258'),
('ALB00259', 'ART00259'),
('ALB00260', 'ART00260'),
('ALB00261', 'ART00261'),
('ALB00262', 'ART00262'),
('ALB00263', 'ART00263'),
('ALB00264', 'ART00264'),
('ALB00265', 'ART00265'),
('ALB00266', 'ART00266'),
('ALB00267', 'ART00267'),
('ALB00268', 'ART00268'),
('ALB00269', 'ART00269'),
('ALB00270', 'ART00270'),
('ALB00271', 'ART00271'),
('ALB00272', 'ART00272'),
('ALB00273', 'ART00273'),
('ALB00274', 'ART00274'),
('ALB00275', 'ART00275'),
('ALB00276', 'ART00276'),
('ALB00277', 'ART00277'),
('ALB00278', 'ART00278'),
('ALB00279', 'ART00279'),
('ALB00280', 'ART00280'),
('ALB00281', 'ART00281'),
('ALB00282', 'ART00282'),
('ALB00283', 'ART00283'),
('ALB00284', 'ART00284'),
('ALB00285', 'ART00285'),
('ALB00286', 'ART00286'),
('ALB00287', 'ART00287'),
('ALB00288', 'ART00288'),
('ALB00289', 'ART00289'),
('ALB00290', 'ART00290'),
('ALB00291', 'ART00291'),
('ALB00292', 'ART00292'),
('ALB00293', 'ART00293'),
('ALB00294', 'ART00294'),
('ALB00295', 'ART00295'),
('ALB00296', 'ART00296'),
('ALB00297', 'ART00297'),
('ALB00298', 'ART00298'),
('ALB00299', 'ART00299'),
('ALB00300', 'ART00300');

-- album_song
INSERT INTO album_song (alid, sid, disc_no, track_no) VALUES
('ALB00001', 'SNG00001', 1, 1),
('ALB00002', 'SNG00002', 1, 1),
('ALB00003', 'SNG00003', 1, 1),
('ALB00004', 'SNG00004', 1, 1),
('ALB00005', 'SNG00014', 1, 1),
('ALB00006', 'SNG00015', 1, 1),
('ALB00007', 'SNG00016', 1, 1),
('ALB00008', 'SNG00017', 1, 1),
('ALB00009', 'SNG00027', 1, 1),
('ALB00010', 'SNG00028', 1, 1),
('ALB00011', 'SNG00029', 1, 1),
('ALB00012', 'SNG00030', 1, 1),
('ALB00013', 'SNG00040', 1, 1),
('ALB00014', 'SNG00041', 1, 1),
('ALB00015', 'SNG00042', 1, 1),
('ALB00016', 'SNG00043', 1, 1),
('ALB00017', 'SNG00053', 1, 1),
('ALB00018', 'SNG00054', 1, 1),
('ALB00019', 'SNG00055', 1, 1),
('ALB00020', 'SNG00056', 1, 1),
('ALB00021', 'SNG00066', 1, 1),
('ALB00022', 'SNG00067', 1, 1),
('ALB00023', 'SNG00068', 1, 1),
('ALB00024', 'SNG00069', 1, 1),
('ALB00025', 'SNG00079', 1, 1),
('ALB00026', 'SNG00080', 1, 1),
('ALB00027', 'SNG00081', 1, 1),
('ALB00028', 'SNG00082', 1, 1),
('ALB00029', 'SNG00092', 1, 1),
('ALB00030', 'SNG00093', 1, 1),
('ALB00031', 'SNG00094', 1, 1),
('ALB00032', 'SNG00095', 1, 1),
('ALB00033', 'SNG00105', 1, 1),
('ALB00034', 'SNG00106', 1, 1),
('ALB00035', 'SNG00107', 1, 1),
('ALB00036', 'SNG00108', 1, 1),
('ALB00037', 'SNG00118', 1, 1),
('ALB00038', 'SNG00119', 1, 1),
('ALB00039', 'SNG00120', 1, 1),
('ALB00040', 'SNG00121', 1, 1),
('ALB00041', 'SNG00131', 1, 1),
('ALB00042', 'SNG00132', 1, 1),
('ALB00043', 'SNG00133', 1, 1),
('ALB00044', 'SNG00134', 1, 1),
('ALB00045', 'SNG00144', 1, 1),
('ALB00046', 'SNG00145', 1, 1),
('ALB00047', 'SNG00146', 1, 1),
('ALB00048', 'SNG00147', 1, 1),
('ALB00049', 'SNG00157', 1, 1),
('ALB00050', 'SNG00158', 1, 1),
('ALB00051', 'SNG00159', 1, 1),
('ALB00052', 'SNG00160', 1, 1),
('ALB00053', 'SNG00170', 1, 1),
('ALB00054', 'SNG00171', 1, 1),
('ALB00055', 'SNG00172', 1, 1),
('ALB00056', 'SNG00173', 1, 1),
('ALB00057', 'SNG00183', 1, 1),
('ALB00058', 'SNG00184', 1, 1),
('ALB00059', 'SNG00185', 1, 1),
('ALB00060', 'SNG00186', 1, 1),
('ALB00061', 'SNG00196', 1, 1),
('ALB00062', 'SNG00197', 1, 1),
('ALB00063', 'SNG00198', 1, 1),
('ALB00064', 'SNG00199', 1, 1),
('ALB00065', 'SNG00209', 1, 1),
('ALB00066', 'SNG00210', 1, 1),
('ALB00067', 'SNG00211', 1, 1),
('ALB00068', 'SNG00212', 1, 1),
('ALB00069', 'SNG00222', 1, 1),
('ALB00070', 'SNG00223', 1, 1),
('ALB00071', 'SNG00224', 1, 1),
('ALB00072', 'SNG00225', 1, 1),
('ALB00073', 'SNG00235', 1, 1),
('ALB00074', 'SNG00236', 1, 1),
('ALB00075', 'SNG00237', 1, 1),
('ALB00076', 'SNG00238', 1, 1),
('ALB00077', 'SNG00248', 1, 1),
('ALB00078', 'SNG00249', 1, 1),
('ALB00079', 'SNG00250', 1, 1),
('ALB00080', 'SNG00251', 1, 1),
('ALB00081', 'SNG00261', 1, 1),
('ALB00082', 'SNG00262', 1, 1),
('ALB00083', 'SNG00263', 1, 1),
('ALB00084', 'SNG00264', 1, 1),
('ALB00085', 'SNG00274', 1, 1),
('ALB00086', 'SNG00275', 1, 1),
('ALB00087', 'SNG00276', 1, 1),
('ALB00088', 'SNG00277', 1, 1),
('ALB00089', 'SNG00287', 1, 1),
('ALB00090', 'SNG00288', 1, 1),
('ALB00091', 'SNG00289', 1, 1),
('ALB00092', 'SNG00290', 1, 1),
('ALB00093', 'SNG00300', 1, 1),
('ALB00094', 'SNG00301', 1, 1),
('ALB00095', 'SNG00302', 1, 1),
('ALB00096', 'SNG00303', 1, 1),
('ALB00097', 'SNG00313', 1, 1),
('ALB00098', 'SNG00314', 1, 1),
('ALB00099', 'SNG00315', 1, 1),
('ALB00100', 'SNG00316', 1, 1),
('ALB00101', 'SNG00326', 1, 1),
('ALB00102', 'SNG00327', 1, 1),
('ALB00103', 'SNG00328', 1, 1),
('ALB00104', 'SNG00329', 1, 1),
('ALB00105', 'SNG00339', 1, 1),
('ALB00106', 'SNG00340', 1, 1),
('ALB00107', 'SNG00341', 1, 1),
('ALB00108', 'SNG00342', 1, 1),
('ALB00109', 'SNG00352', 1, 1),
('ALB00110', 'SNG00353', 1, 1),
('ALB00111', 'SNG00354', 1, 1),
('ALB00112', 'SNG00355', 1, 1),
('ALB00113', 'SNG00365', 1, 1),
('ALB00114', 'SNG00366', 1, 1),
('ALB00115', 'SNG00367', 1, 1),
('ALB00116', 'SNG00368', 1, 1),
('ALB00117', 'SNG00378', 1, 1),
('ALB00118', 'SNG00379', 1, 1),
('ALB00119', 'SNG00380', 1, 1),
('ALB00120', 'SNG00381', 1, 1),
('ALB00121', 'SNG00391', 1, 1),
('ALB00122', 'SNG00392', 1, 1),
('ALB00123', 'SNG00393', 1, 1),
('ALB00124', 'SNG00394', 1, 1),
('ALB00125', 'SNG00404', 1, 1),
('ALB00126', 'SNG00405', 1, 1),
('ALB00127', 'SNG00406', 1, 1),
('ALB00128', 'SNG00407', 1, 1),
('ALB00129', 'SNG00417', 1, 1),
('ALB00130', 'SNG00418', 1, 1),
('ALB00131', 'SNG00419', 1, 1),
('ALB00132', 'SNG00420', 1, 1),
('ALB00133', 'SNG00430', 1, 1),
('ALB00134', 'SNG00431', 1, 1),
('ALB00135', 'SNG00432', 1, 1),
('ALB00136', 'SNG00433', 1, 1),
('ALB00137', 'SNG00443', 1, 1),
('ALB00138', 'SNG00444', 1, 1),
('ALB00139', 'SNG00445', 1, 1),
('ALB00140', 'SNG00446', 1, 1),
('ALB00141', 'SNG00456', 1, 1),
('ALB00142', 'SNG00457', 1, 1),
('ALB00143', 'SNG00458', 1, 1),
('ALB00144', 'SNG00459', 1, 1),
('ALB00145', 'SNG00469', 1, 1),
('ALB00146', 'SNG00470', 1, 1),
('ALB00147', 'SNG00471', 1, 1),
('ALB00148', 'SNG00472', 1, 1),
('ALB00149', 'SNG00482', 1, 1),
('ALB00150', 'SNG00483', 1, 1),
('ALB00151', 'SNG00484', 1, 1),
('ALB00152', 'SNG00485', 1, 1),
('ALB00153', 'SNG00495', 1, 1),
('ALB00154', 'SNG00496', 1, 1),
('ALB00155', 'SNG00497', 1, 1),
('ALB00156', 'SNG00498', 1, 1),
('ALB00157', 'SNG00508', 1, 1),
('ALB00158', 'SNG00509', 1, 1),
('ALB00159', 'SNG00510', 1, 1),
('ALB00160', 'SNG00511', 1, 1),
('ALB00161', 'SNG00521', 1, 1),
('ALB00162', 'SNG00522', 1, 1),
('ALB00163', 'SNG00523', 1, 1),
('ALB00164', 'SNG00524', 1, 1),
('ALB00165', 'SNG00534', 1, 1),
('ALB00166', 'SNG00535', 1, 1),
('ALB00167', 'SNG00536', 1, 1),
('ALB00168', 'SNG00537', 1, 1),
('ALB00169', 'SNG00547', 1, 1),
('ALB00170', 'SNG00548', 1, 1),
('ALB00171', 'SNG00549', 1, 1),
('ALB00172', 'SNG00550', 1, 1),
('ALB00173', 'SNG00560', 1, 1),
('ALB00174', 'SNG00561', 1, 1),
('ALB00175', 'SNG00562', 1, 1),
('ALB00176', 'SNG00563', 1, 1),
('ALB00177', 'SNG00573', 1, 1),
('ALB00178', 'SNG00574', 1, 1),
('ALB00179', 'SNG00575', 1, 1),
('ALB00180', 'SNG00576', 1, 1),
('ALB00181', 'SNG00586', 1, 1),
('ALB00182', 'SNG00587', 1, 1),
('ALB00183', 'SNG00588', 1, 1),
('ALB00184', 'SNG00589', 1, 1),
('ALB00185', 'SNG00599', 1, 1),
('ALB00186', 'SNG00600', 1, 1),
('ALB00187', 'SNG00601', 1, 1),
('ALB00188', 'SNG00602', 1, 1),
('ALB00189', 'SNG00612', 1, 1),
('ALB00190', 'SNG00613', 1, 1),
('ALB00191', 'SNG00614', 1, 1),
('ALB00192', 'SNG00615', 1, 1),
('ALB00193', 'SNG00625', 1, 1),
('ALB00194', 'SNG00626', 1, 1),
('ALB00195', 'SNG00627', 1, 1),
('ALB00196', 'SNG00628', 1, 1),
('ALB00197', 'SNG00638', 1, 1),
('ALB00198', 'SNG00639', 1, 1),
('ALB00199', 'SNG00640', 1, 1),
('ALB00200', 'SNG00641', 1, 1),
('ALB00201', 'SNG00651', 1, 1),
('ALB00202', 'SNG00652', 1, 1),
('ALB00203', 'SNG00653', 1, 1),
('ALB00204', 'SNG00654', 1, 1),
('ALB00205', 'SNG00664', 1, 1),
('ALB00206', 'SNG00665', 1, 1),
('ALB00207', 'SNG00666', 1, 1),
('ALB00208', 'SNG00667', 1, 1),
('ALB00209', 'SNG00677', 1, 1),
('ALB00210', 'SNG00678', 1, 1),
('ALB00211', 'SNG00679', 1, 1),
('ALB00212', 'SNG00680', 1, 1),
('ALB00213', 'SNG00690', 1, 1),
('ALB00214', 'SNG00691', 1, 1),
('ALB00215', 'SNG00692', 1, 1),
('ALB00216', 'SNG00693', 1, 1),
('ALB00217', 'SNG00703', 1, 1),
('ALB00218', 'SNG00704', 1, 1),
('ALB00219', 'SNG00705', 1, 1),
('ALB00220', 'SNG00706', 1, 1),
('ALB00221', 'SNG00716', 1, 1),
('ALB00222', 'SNG00717', 1, 1),
('ALB00223', 'SNG00718', 1, 1),
('ALB00224', 'SNG00719', 1, 1),
('ALB00225', 'SNG00729', 1, 1),
('ALB00226', 'SNG00730', 1, 1),
('ALB00227', 'SNG00731', 1, 1),
('ALB00228', 'SNG00732', 1, 1),
('ALB00229', 'SNG00742', 1, 1),
('ALB00230', 'SNG00743', 1, 1),
('ALB00231', 'SNG00744', 1, 1),
('ALB00232', 'SNG00745', 1, 1),
('ALB00233', 'SNG00755', 1, 1),
('ALB00234', 'SNG00756', 1, 1),
('ALB00235', 'SNG00757', 1, 1),
('ALB00236', 'SNG00758', 1, 1),
('ALB00237', 'SNG00768', 1, 1),
('ALB00238', 'SNG00769', 1, 1),
('ALB00239', 'SNG00770', 1, 1),
('ALB00240', 'SNG00771', 1, 1),
('ALB00241', 'SNG00781', 1, 1),
('ALB00242', 'SNG00782', 1, 1),
('ALB00243', 'SNG00783', 1, 1),
('ALB00244', 'SNG00784', 1, 1),
('ALB00245', 'SNG00794', 1, 1),
('ALB00246', 'SNG00795', 1, 1),
('ALB00247', 'SNG00796', 1, 1),
('ALB00248', 'SNG00797', 1, 1),
('ALB00249', 'SNG00807', 1, 1),
('ALB00250', 'SNG00808', 1, 1),
('ALB00251', 'SNG00809', 1, 1),
('ALB00252', 'SNG00810', 1, 1),
('ALB00253', 'SNG00820', 1, 1),
('ALB00254', 'SNG00821', 1, 1),
('ALB00255', 'SNG00822', 1, 1),
('ALB00256', 'SNG00823', 1, 1),
('ALB00257', 'SNG00833', 1, 1),
('ALB00258', 'SNG00834', 1, 1),
('ALB00259', 'SNG00835', 1, 1),
('ALB00260', 'SNG00836', 1, 1),
('ALB00261', 'SNG00846', 1, 1),
('ALB00262', 'SNG00847', 1, 1),
('ALB00263', 'SNG00848', 1, 1),
('ALB00264', 'SNG00849', 1, 1),
('ALB00265', 'SNG00859', 1, 1),
('ALB00266', 'SNG00860', 1, 1),
('ALB00267', 'SNG00861', 1, 1),
('ALB00268', 'SNG00862', 1, 1),
('ALB00269', 'SNG00872', 1, 1),
('ALB00270', 'SNG00873', 1, 1),
('ALB00271', 'SNG00874', 1, 1),
('ALB00272', 'SNG00875', 1, 1),
('ALB00273', 'SNG00885', 1, 1),
('ALB00274', 'SNG00886', 1, 1),
('ALB00275', 'SNG00887', 1, 1),
('ALB00276', 'SNG00888', 1, 1),
('ALB00277', 'SNG00898', 1, 1),
('ALB00278', 'SNG00899', 1, 1),
('ALB00279', 'SNG00900', 1, 1),
('ALB00280', 'SNG00911', 1, 1),
('ALB00281', 'SNG00912', 1, 1),
('ALB00282', 'SNG00913', 1, 1),
('ALB00283', 'SNG00924', 1, 1),
('ALB00284', 'SNG00925', 1, 1),
('ALB00285', 'SNG00926', 1, 1),
('ALB00286', 'SNG00937', 1, 1),
('ALB00287', 'SNG00938', 1, 1),
('ALB00288', 'SNG00939', 1, 1),
('ALB00289', 'SNG00950', 1, 1),
('ALB00290', 'SNG00951', 1, 1),
('ALB00291', 'SNG00952', 1, 1),
('ALB00292', 'SNG00963', 1, 1),
('ALB00293', 'SNG00964', 1, 1),
('ALB00294', 'SNG00965', 1, 1),
('ALB00295', 'SNG00976', 1, 1),
('ALB00296', 'SNG00977', 1, 1),
('ALB00297', 'SNG00978', 1, 1),
('ALB00298', 'SNG00989', 1, 1),
('ALB00299', 'SNG00990', 1, 1),
('ALB00300', 'SNG00991', 1, 1);

-- playlists
INSERT INTO playlists (plstid, uid, name, visibility) VALUES
(2000, 1000, 'user1000''s Playlist 2000', 'unlisted'),
(2001, 1000, 'user1000''s Playlist 2001', 'private'),
(2002, 1000, 'user1000''s Playlist 2002', 'private'),
(2003, 1001, 'user1001''s Playlist 2003', 'unlisted'),
(2004, 1001, 'user1001''s Playlist 2004', 'private'),
(2005, 1001, 'user1001''s Playlist 2005', 'private'),
(2006, 1002, 'user1002''s Playlist 2006', 'unlisted'),
(2007, 1002, 'user1002''s Playlist 2007', 'private'),
(2008, 1002, 'user1002''s Playlist 2008', 'public'),
(2009, 1003, 'user1003''s Playlist 2009', 'public'),
(2010, 1003, 'user1003''s Playlist 2010', 'unlisted'),
(2011, 1003, 'user1003''s Playlist 2011', 'unlisted'),
(2012, 1004, 'user1004''s Playlist 2012', 'unlisted'),
(2013, 1004, 'user1004''s Playlist 2013', 'public'),
(2014, 1004, 'user1004''s Playlist 2014', 'private'),
(2015, 1005, 'user1005''s Playlist 2015', 'public'),
(2016, 1005, 'user1005''s Playlist 2016', 'private'),
(2017, 1006, 'user1006''s Playlist 2017', 'private'),
(2018, 1006, 'user1006''s Playlist 2018', 'private'),
(2019, 1007, 'user1007''s Playlist 2019', 'unlisted'),
(2020, 1007, 'user1007''s Playlist 2020', 'public'),
(2021, 1008, 'user1008''s Playlist 2021', 'private'),
(2022, 1008, 'user1008''s Playlist 2022', 'private'),
(2023, 1009, 'user1009''s Playlist 2023', 'private'),
(2024, 1009, 'user1009''s Playlist 2024', 'private'),
(2025, 1009, 'user1009''s Playlist 2025', 'public'),
(2026, 1010, 'user1010''s Playlist 2026', 'private'),
(2027, 1010, 'user1010''s Playlist 2027', 'public'),
(2028, 1010, 'user1010''s Playlist 2028', 'public'),
(2029, 1011, 'user1011''s Playlist 2029', 'public'),
(2030, 1012, 'user1012''s Playlist 2030', 'public'),
(2031, 1012, 'user1012''s Playlist 2031', 'unlisted'),
(2032, 1013, 'user1013''s Playlist 2032', 'private'),
(2033, 1013, 'user1013''s Playlist 2033', 'public'),
(2034, 1013, 'user1013''s Playlist 2034', 'unlisted'),
(2035, 1014, 'user1014''s Playlist 2035', 'unlisted'),
(2036, 1015, 'user1015''s Playlist 2036', 'unlisted'),
(2037, 1015, 'user1015''s Playlist 2037', 'private'),
(2038, 1015, 'user1015''s Playlist 2038', 'unlisted'),
(2039, 1016, 'user1016''s Playlist 2039', 'private'),
(2040, 1017, 'user1017''s Playlist 2040', 'unlisted'),
(2041, 1017, 'user1017''s Playlist 2041', 'private'),
(2042, 1018, 'user1018''s Playlist 2042', 'public'),
(2043, 1018, 'user1018''s Playlist 2043', 'private'),
(2044, 1018, 'user1018''s Playlist 2044', 'unlisted'),
(2045, 1019, 'user1019''s Playlist 2045', 'private'),
(2046, 1019, 'user1019''s Playlist 2046', 'public'),
(2047, 1020, 'user1020''s Playlist 2047', 'unlisted'),
(2048, 1020, 'user1020''s Playlist 2048', 'public'),
(2049, 1020, 'user1020''s Playlist 2049', 'public'),
(2050, 1021, 'user1021''s Playlist 2050', 'private'),
(2051, 1021, 'user1021''s Playlist 2051', 'public'),
(2052, 1021, 'user1021''s Playlist 2052', 'public'),
(2053, 1022, 'user1022''s Playlist 2053', 'unlisted'),
(2054, 1022, 'user1022''s Playlist 2054', 'private'),
(2055, 1023, 'user1023''s Playlist 2055', 'private'),
(2056, 1024, 'user1024''s Playlist 2056', 'public'),
(2057, 1024, 'user1024''s Playlist 2057', 'private'),
(2058, 1024, 'user1024''s Playlist 2058', 'unlisted'),
(2059, 1025, 'user1025''s Playlist 2059', 'unlisted'),
(2060, 1025, 'user1025''s Playlist 2060', 'unlisted'),
(2061, 1025, 'user1025''s Playlist 2061', 'unlisted'),
(2062, 1026, 'user1026''s Playlist 2062', 'public'),
(2063, 1026, 'user1026''s Playlist 2063', 'unlisted'),
(2064, 1026, 'user1026''s Playlist 2064', 'unlisted'),
(2065, 1027, 'user1027''s Playlist 2065', 'private'),
(2066, 1027, 'user1027''s Playlist 2066', 'public'),
(2067, 1027, 'user1027''s Playlist 2067', 'public'),
(2068, 1028, 'user1028''s Playlist 2068', 'unlisted'),
(2069, 1028, 'user1028''s Playlist 2069', 'private'),
(2070, 1029, 'user1029''s Playlist 2070', 'private'),
(2071, 1029, 'user1029''s Playlist 2071', 'public'),
(2072, 1030, 'user1030''s Playlist 2072', 'public'),
(2073, 1031, 'user1031''s Playlist 2073', 'unlisted'),
(2074, 1031, 'user1031''s Playlist 2074', 'private'),
(2075, 1031, 'user1031''s Playlist 2075', 'public'),
(2076, 1032, 'user1032''s Playlist 2076', 'unlisted'),
(2077, 1033, 'user1033''s Playlist 2077', 'public'),
(2078, 1033, 'user1033''s Playlist 2078', 'public'),
(2079, 1033, 'user1033''s Playlist 2079', 'unlisted'),
(2080, 1034, 'user1034''s Playlist 2080', 'public'),
(2081, 1034, 'user1034''s Playlist 2081', 'private'),
(2082, 1034, 'user1034''s Playlist 2082', 'private'),
(2083, 1035, 'user1035''s Playlist 2083', 'private'),
(2084, 1035, 'user1035''s Playlist 2084', 'public'),
(2085, 1036, 'user1036''s Playlist 2085', 'private'),
(2086, 1036, 'user1036''s Playlist 2086', 'unlisted'),
(2087, 1037, 'user1037''s Playlist 2087', 'unlisted'),
(2088, 1037, 'user1037''s Playlist 2088', 'unlisted'),
(2089, 1038, 'user1038''s Playlist 2089', 'public'),
(2090, 1039, 'user1039''s Playlist 2090', 'public'),
(2091, 1040, 'user1040''s Playlist 2091', 'public'),
(2092, 1040, 'user1040''s Playlist 2092', 'unlisted'),
(2093, 1040, 'user1040''s Playlist 2093', 'public'),
(2094, 1041, 'user1041''s Playlist 2094', 'private'),
(2095, 1041, 'user1041''s Playlist 2095', 'unlisted'),
(2096, 1042, 'user1042''s Playlist 2096', 'private'),
(2097, 1042, 'user1042''s Playlist 2097', 'unlisted'),
(2098, 1043, 'user1043''s Playlist 2098', 'private'),
(2099, 1043, 'user1043''s Playlist 2099', 'private'),
(2100, 1044, 'user1044''s Playlist 2100', 'unlisted'),
(2101, 1045, 'user1045''s Playlist 2101', 'private'),
(2102, 1046, 'user1046''s Playlist 2102', 'public'),
(2103, 1046, 'user1046''s Playlist 2103', 'private'),
(2104, 1047, 'user1047''s Playlist 2104', 'unlisted'),
(2105, 1047, 'user1047''s Playlist 2105', 'unlisted'),
(2106, 1047, 'user1047''s Playlist 2106', 'private'),
(2107, 1048, 'user1048''s Playlist 2107', 'unlisted'),
(2108, 1048, 'user1048''s Playlist 2108', 'private'),
(2109, 1048, 'user1048''s Playlist 2109', 'public'),
(2110, 1049, 'user1049''s Playlist 2110', 'private'),
(2111, 1050, 'user1050''s Playlist 2111', 'public'),
(2112, 1050, 'user1050''s Playlist 2112', 'public'),
(2113, 1050, 'user1050''s Playlist 2113', 'public'),
(2114, 1051, 'user1051''s Playlist 2114', 'public'),
(2115, 1051, 'user1051''s Playlist 2115', 'public'),
(2116, 1052, 'user1052''s Playlist 2116', 'private'),
(2117, 1052, 'user1052''s Playlist 2117', 'private'),
(2118, 1053, 'user1053''s Playlist 2118', 'public'),
(2119, 1054, 'user1054''s Playlist 2119', 'unlisted'),
(2120, 1054, 'user1054''s Playlist 2120', 'private'),
(2121, 1055, 'user1055''s Playlist 2121', 'public'),
(2122, 1056, 'user1056''s Playlist 2122', 'unlisted'),
(2123, 1056, 'user1056''s Playlist 2123', 'unlisted'),
(2124, 1057, 'user1057''s Playlist 2124', 'unlisted'),
(2125, 1058, 'user1058''s Playlist 2125', 'unlisted'),
(2126, 1058, 'user1058''s Playlist 2126', 'private'),
(2127, 1058, 'user1058''s Playlist 2127', 'public'),
(2128, 1059, 'user1059''s Playlist 2128', 'unlisted'),
(2129, 1059, 'user1059''s Playlist 2129', 'public'),
(2130, 1060, 'user1060''s Playlist 2130', 'public'),
(2131, 1060, 'user1060''s Playlist 2131', 'private'),
(2132, 1061, 'user1061''s Playlist 2132', 'private'),
(2133, 1062, 'user1062''s Playlist 2133', 'private'),
(2134, 1062, 'user1062''s Playlist 2134', 'unlisted'),
(2135, 1062, 'user1062''s Playlist 2135', 'private'),
(2136, 1063, 'user1063''s Playlist 2136', 'unlisted'),
(2137, 1063, 'user1063''s Playlist 2137', 'private'),
(2138, 1063, 'user1063''s Playlist 2138', 'private'),
(2139, 1064, 'user1064''s Playlist 2139', 'private'),
(2140, 1065, 'user1065''s Playlist 2140', 'private'),
(2141, 1066, 'user1066''s Playlist 2141', 'unlisted'),
(2142, 1067, 'user1067''s Playlist 2142', 'unlisted'),
(2143, 1067, 'user1067''s Playlist 2143', 'private'),
(2144, 1068, 'user1068''s Playlist 2144', 'private'),
(2145, 1069, 'user1069''s Playlist 2145', 'public'),
(2146, 1070, 'user1070''s Playlist 2146', 'unlisted'),
(2147, 1070, 'user1070''s Playlist 2147', 'private'),
(2148, 1071, 'user1071''s Playlist 2148', 'public'),
(2149, 1071, 'user1071''s Playlist 2149', 'private'),
(2150, 1071, 'user1071''s Playlist 2150', 'private'),
(2151, 1072, 'user1072''s Playlist 2151', 'private'),
(2152, 1072, 'user1072''s Playlist 2152', 'public'),
(2153, 1072, 'user1072''s Playlist 2153', 'private'),
(2154, 1073, 'user1073''s Playlist 2154', 'public'),
(2155, 1074, 'user1074''s Playlist 2155', 'unlisted'),
(2156, 1074, 'user1074''s Playlist 2156', 'public'),
(2157, 1074, 'user1074''s Playlist 2157', 'unlisted'),
(2158, 1075, 'user1075''s Playlist 2158', 'public'),
(2159, 1075, 'user1075''s Playlist 2159', 'private'),
(2160, 1075, 'user1075''s Playlist 2160', 'private'),
(2161, 1076, 'user1076''s Playlist 2161', 'unlisted'),
(2162, 1076, 'user1076''s Playlist 2162', 'public'),
(2163, 1076, 'user1076''s Playlist 2163', 'public'),
(2164, 1077, 'user1077''s Playlist 2164', 'public'),
(2165, 1078, 'user1078''s Playlist 2165', 'public'),
(2166, 1078, 'user1078''s Playlist 2166', 'public'),
(2167, 1079, 'user1079''s Playlist 2167', 'public'),
(2168, 1079, 'user1079''s Playlist 2168', 'unlisted'),
(2169, 1079, 'user1079''s Playlist 2169', 'public'),
(2170, 1080, 'user1080''s Playlist 2170', 'unlisted'),
(2171, 1081, 'user1081''s Playlist 2171', 'private'),
(2172, 1081, 'user1081''s Playlist 2172', 'unlisted'),
(2173, 1082, 'user1082''s Playlist 2173', 'private'),
(2174, 1082, 'user1082''s Playlist 2174', 'unlisted'),
(2175, 1082, 'user1082''s Playlist 2175', 'unlisted'),
(2176, 1083, 'user1083''s Playlist 2176', 'unlisted'),
(2177, 1083, 'user1083''s Playlist 2177', 'unlisted'),
(2178, 1083, 'user1083''s Playlist 2178', 'private'),
(2179, 1084, 'user1084''s Playlist 2179', 'private'),
(2180, 1084, 'user1084''s Playlist 2180', 'public'),
(2181, 1084, 'user1084''s Playlist 2181', 'private'),
(2182, 1085, 'user1085''s Playlist 2182', 'private'),
(2183, 1086, 'user1086''s Playlist 2183', 'unlisted'),
(2184, 1086, 'user1086''s Playlist 2184', 'private'),
(2185, 1087, 'user1087''s Playlist 2185', 'unlisted'),
(2186, 1087, 'user1087''s Playlist 2186', 'public'),
(2187, 1088, 'user1088''s Playlist 2187', 'unlisted'),
(2188, 1088, 'user1088''s Playlist 2188', 'public'),
(2189, 1089, 'user1089''s Playlist 2189', 'private'),
(2190, 1089, 'user1089''s Playlist 2190', 'private'),
(2191, 1090, 'user1090''s Playlist 2191', 'public'),
(2192, 1091, 'user1091''s Playlist 2192', 'private'),
(2193, 1091, 'user1091''s Playlist 2193', 'public'),
(2194, 1092, 'user1092''s Playlist 2194', 'public'),
(2195, 1092, 'user1092''s Playlist 2195', 'unlisted'),
(2196, 1092, 'user1092''s Playlist 2196', 'unlisted'),
(2197, 1093, 'user1093''s Playlist 2197', 'private'),
(2198, 1093, 'user1093''s Playlist 2198', 'private'),
(2199, 1093, 'user1093''s Playlist 2199', 'unlisted'),
(2200, 1094, 'user1094''s Playlist 2200', 'unlisted'),
(2201, 1094, 'user1094''s Playlist 2201', 'public'),
(2202, 1094, 'user1094''s Playlist 2202', 'private'),
(2203, 1095, 'user1095''s Playlist 2203', 'unlisted'),
(2204, 1095, 'user1095''s Playlist 2204', 'public'),
(2205, 1095, 'user1095''s Playlist 2205', 'private'),
(2206, 1096, 'user1096''s Playlist 2206', 'private'),
(2207, 1096, 'user1096''s Playlist 2207', 'unlisted'),
(2208, 1096, 'user1096''s Playlist 2208', 'public'),
(2209, 1097, 'user1097''s Playlist 2209', 'private'),
(2210, 1098, 'user1098''s Playlist 2210', 'private'),
(2211, 1099, 'user1099''s Playlist 2211', 'public'),
(2212, 1099, 'user1099''s Playlist 2212', 'unlisted'),
(2213, 1099, 'user1099''s Playlist 2213', 'unlisted'),
(2214, 1100, 'user1100''s Playlist 2214', 'public'),
(2215, 1101, 'user1101''s Playlist 2215', 'unlisted'),
(2216, 1102, 'user1102''s Playlist 2216', 'private'),
(2217, 1102, 'user1102''s Playlist 2217', 'unlisted'),
(2218, 1103, 'user1103''s Playlist 2218', 'unlisted'),
(2219, 1103, 'user1103''s Playlist 2219', 'public'),
(2220, 1103, 'user1103''s Playlist 2220', 'private'),
(2221, 1104, 'user1104''s Playlist 2221', 'private'),
(2222, 1104, 'user1104''s Playlist 2222', 'private'),
(2223, 1105, 'user1105''s Playlist 2223', 'private'),
(2224, 1105, 'user1105''s Playlist 2224', 'unlisted'),
(2225, 1106, 'user1106''s Playlist 2225', 'public'),
(2226, 1106, 'user1106''s Playlist 2226', 'unlisted'),
(2227, 1106, 'user1106''s Playlist 2227', 'unlisted'),
(2228, 1107, 'user1107''s Playlist 2228', 'public'),
(2229, 1107, 'user1107''s Playlist 2229', 'private'),
(2230, 1108, 'user1108''s Playlist 2230', 'unlisted'),
(2231, 1109, 'user1109''s Playlist 2231', 'private'),
(2232, 1109, 'user1109''s Playlist 2232', 'private'),
(2233, 1109, 'user1109''s Playlist 2233', 'private'),
(2234, 1110, 'user1110''s Playlist 2234', 'unlisted'),
(2235, 1110, 'user1110''s Playlist 2235', 'unlisted'),
(2236, 1110, 'user1110''s Playlist 2236', 'public'),
(2237, 1111, 'user1111''s Playlist 2237', 'public'),
(2238, 1111, 'user1111''s Playlist 2238', 'unlisted'),
(2239, 1112, 'user1112''s Playlist 2239', 'public'),
(2240, 1112, 'user1112''s Playlist 2240', 'private'),
(2241, 1112, 'user1112''s Playlist 2241', 'private'),
(2242, 1113, 'user1113''s Playlist 2242', 'unlisted'),
(2243, 1113, 'user1113''s Playlist 2243', 'unlisted'),
(2244, 1113, 'user1113''s Playlist 2244', 'private'),
(2245, 1114, 'user1114''s Playlist 2245', 'unlisted'),
(2246, 1115, 'user1115''s Playlist 2246', 'public'),
(2247, 1115, 'user1115''s Playlist 2247', 'private'),
(2248, 1115, 'user1115''s Playlist 2248', 'unlisted'),
(2249, 1116, 'user1116''s Playlist 2249', 'unlisted'),
(2250, 1116, 'user1116''s Playlist 2250', 'private'),
(2251, 1117, 'user1117''s Playlist 2251', 'unlisted'),
(2252, 1118, 'user1118''s Playlist 2252', 'unlisted'),
(2253, 1118, 'user1118''s Playlist 2253', 'unlisted'),
(2254, 1118, 'user1118''s Playlist 2254', 'unlisted'),
(2255, 1119, 'user1119''s Playlist 2255', 'unlisted'),
(2256, 1120, 'user1120''s Playlist 2256', 'private'),
(2257, 1120, 'user1120''s Playlist 2257', 'unlisted'),
(2258, 1120, 'user1120''s Playlist 2258', 'private'),
(2259, 1121, 'user1121''s Playlist 2259', 'private'),
(2260, 1122, 'user1122''s Playlist 2260', 'public'),
(2261, 1122, 'user1122''s Playlist 2261', 'public'),
(2262, 1123, 'user1123''s Playlist 2262', 'private'),
(2263, 1123, 'user1123''s Playlist 2263', 'public'),
(2264, 1124, 'user1124''s Playlist 2264', 'public'),
(2265, 1125, 'user1125''s Playlist 2265', 'public'),
(2266, 1126, 'user1126''s Playlist 2266', 'public'),
(2267, 1126, 'user1126''s Playlist 2267', 'unlisted'),
(2268, 1127, 'user1127''s Playlist 2268', 'unlisted'),
(2269, 1127, 'user1127''s Playlist 2269', 'unlisted'),
(2270, 1127, 'user1127''s Playlist 2270', 'public'),
(2271, 1128, 'user1128''s Playlist 2271', 'private'),
(2272, 1128, 'user1128''s Playlist 2272', 'unlisted'),
(2273, 1128, 'user1128''s Playlist 2273', 'public'),
(2274, 1129, 'user1129''s Playlist 2274', 'private'),
(2275, 1129, 'user1129''s Playlist 2275', 'public'),
(2276, 1129, 'user1129''s Playlist 2276', 'public'),
(2277, 1130, 'user1130''s Playlist 2277', 'unlisted'),
(2278, 1131, 'user1131''s Playlist 2278', 'public'),
(2279, 1131, 'user1131''s Playlist 2279', 'unlisted'),
(2280, 1131, 'user1131''s Playlist 2280', 'private'),
(2281, 1132, 'user1132''s Playlist 2281', 'private'),
(2282, 1133, 'user1133''s Playlist 2282', 'unlisted'),
(2283, 1133, 'user1133''s Playlist 2283', 'unlisted'),
(2284, 1134, 'user1134''s Playlist 2284', 'private'),
(2285, 1135, 'user1135''s Playlist 2285', 'private'),
(2286, 1135, 'user1135''s Playlist 2286', 'unlisted'),
(2287, 1135, 'user1135''s Playlist 2287', 'private'),
(2288, 1136, 'user1136''s Playlist 2288', 'unlisted'),
(2289, 1137, 'user1137''s Playlist 2289', 'private'),
(2290, 1138, 'user1138''s Playlist 2290', 'public'),
(2291, 1138, 'user1138''s Playlist 2291', 'private'),
(2292, 1139, 'user1139''s Playlist 2292', 'unlisted'),
(2293, 1139, 'user1139''s Playlist 2293', 'private'),
(2294, 1139, 'user1139''s Playlist 2294', 'private'),
(2295, 1140, 'user1140''s Playlist 2295', 'private'),
(2296, 1140, 'user1140''s Playlist 2296', 'unlisted'),
(2297, 1141, 'user1141''s Playlist 2297', 'private'),
(2298, 1141, 'user1141''s Playlist 2298', 'public'),
(2299, 1141, 'user1141''s Playlist 2299', 'public'),
(2300, 1142, 'user1142''s Playlist 2300', 'public'),
(2301, 1142, 'user1142''s Playlist 2301', 'private'),
(2302, 1142, 'user1142''s Playlist 2302', 'public'),
(2303, 1143, 'user1143''s Playlist 2303', 'private'),
(2304, 1143, 'user1143''s Playlist 2304', 'private'),
(2305, 1143, 'user1143''s Playlist 2305', 'unlisted'),
(2306, 1144, 'user1144''s Playlist 2306', 'unlisted'),
(2307, 1145, 'user1145''s Playlist 2307', 'public'),
(2308, 1145, 'user1145''s Playlist 2308', 'private'),
(2309, 1145, 'user1145''s Playlist 2309', 'public'),
(2310, 1146, 'user1146''s Playlist 2310', 'private'),
(2311, 1147, 'user1147''s Playlist 2311', 'unlisted'),
(2312, 1147, 'user1147''s Playlist 2312', 'public'),
(2313, 1148, 'user1148''s Playlist 2313', 'public'),
(2314, 1148, 'user1148''s Playlist 2314', 'public'),
(2315, 1149, 'user1149''s Playlist 2315', 'private'),
(2316, 1149, 'user1149''s Playlist 2316', 'public'),
(2317, 1150, 'user1150''s Playlist 2317', 'public'),
(2318, 1150, 'user1150''s Playlist 2318', 'private'),
(2319, 1151, 'user1151''s Playlist 2319', 'private'),
(2320, 1151, 'user1151''s Playlist 2320', 'public'),
(2321, 1151, 'user1151''s Playlist 2321', 'private'),
(2322, 1152, 'user1152''s Playlist 2322', 'private'),
(2323, 1153, 'user1153''s Playlist 2323', 'public'),
(2324, 1154, 'user1154''s Playlist 2324', 'public'),
(2325, 1154, 'user1154''s Playlist 2325', 'unlisted'),
(2326, 1155, 'user1155''s Playlist 2326', 'private'),
(2327, 1155, 'user1155''s Playlist 2327', 'public'),
(2328, 1155, 'user1155''s Playlist 2328', 'public'),
(2329, 1156, 'user1156''s Playlist 2329', 'private'),
(2330, 1157, 'user1157''s Playlist 2330', 'unlisted'),
(2331, 1157, 'user1157''s Playlist 2331', 'public'),
(2332, 1158, 'user1158''s Playlist 2332', 'private'),
(2333, 1158, 'user1158''s Playlist 2333', 'private'),
(2334, 1158, 'user1158''s Playlist 2334', 'unlisted'),
(2335, 1159, 'user1159''s Playlist 2335', 'public'),
(2336, 1160, 'user1160''s Playlist 2336', 'private'),
(2337, 1161, 'user1161''s Playlist 2337', 'public'),
(2338, 1162, 'user1162''s Playlist 2338', 'unlisted'),
(2339, 1162, 'user1162''s Playlist 2339', 'unlisted'),
(2340, 1162, 'user1162''s Playlist 2340', 'unlisted'),
(2341, 1163, 'user1163''s Playlist 2341', 'public'),
(2342, 1163, 'user1163''s Playlist 2342', 'private'),
(2343, 1164, 'user1164''s Playlist 2343', 'private'),
(2344, 1165, 'user1165''s Playlist 2344', 'public'),
(2345, 1166, 'user1166''s Playlist 2345', 'private'),
(2346, 1167, 'user1167''s Playlist 2346', 'unlisted'),
(2347, 1167, 'user1167''s Playlist 2347', 'private'),
(2348, 1167, 'user1167''s Playlist 2348', 'public'),
(2349, 1168, 'user1168''s Playlist 2349', 'private'),
(2350, 1169, 'user1169''s Playlist 2350', 'unlisted'),
(2351, 1169, 'user1169''s Playlist 2351', 'public'),
(2352, 1169, 'user1169''s Playlist 2352', 'unlisted'),
(2353, 1170, 'user1170''s Playlist 2353', 'unlisted'),
(2354, 1170, 'user1170''s Playlist 2354', 'public'),
(2355, 1170, 'user1170''s Playlist 2355', 'unlisted'),
(2356, 1171, 'user1171''s Playlist 2356', 'private'),
(2357, 1172, 'user1172''s Playlist 2357', 'public'),
(2358, 1172, 'user1172''s Playlist 2358', 'unlisted'),
(2359, 1173, 'user1173''s Playlist 2359', 'public'),
(2360, 1173, 'user1173''s Playlist 2360', 'unlisted'),
(2361, 1174, 'user1174''s Playlist 2361', 'public'),
(2362, 1174, 'user1174''s Playlist 2362', 'unlisted'),
(2363, 1175, 'user1175''s Playlist 2363', 'public'),
(2364, 1175, 'user1175''s Playlist 2364', 'unlisted'),
(2365, 1175, 'user1175''s Playlist 2365', 'private'),
(2366, 1176, 'user1176''s Playlist 2366', 'unlisted'),
(2367, 1177, 'user1177''s Playlist 2367', 'unlisted'),
(2368, 1177, 'user1177''s Playlist 2368', 'unlisted'),
(2369, 1177, 'user1177''s Playlist 2369', 'unlisted'),
(2370, 1178, 'user1178''s Playlist 2370', 'private'),
(2371, 1179, 'user1179''s Playlist 2371', 'public'),
(2372, 1179, 'user1179''s Playlist 2372', 'unlisted'),
(2373, 1180, 'user1180''s Playlist 2373', 'private'),
(2374, 1180, 'user1180''s Playlist 2374', 'private'),
(2375, 1181, 'user1181''s Playlist 2375', 'public'),
(2376, 1181, 'user1181''s Playlist 2376', 'private'),
(2377, 1181, 'user1181''s Playlist 2377', 'public'),
(2378, 1182, 'user1182''s Playlist 2378', 'public'),
(2379, 1182, 'user1182''s Playlist 2379', 'unlisted'),
(2380, 1183, 'user1183''s Playlist 2380', 'unlisted'),
(2381, 1183, 'user1183''s Playlist 2381', 'public'),
(2382, 1183, 'user1183''s Playlist 2382', 'unlisted'),
(2383, 1184, 'user1184''s Playlist 2383', 'private'),
(2384, 1184, 'user1184''s Playlist 2384', 'public'),
(2385, 1184, 'user1184''s Playlist 2385', 'public'),
(2386, 1185, 'user1185''s Playlist 2386', 'unlisted'),
(2387, 1185, 'user1185''s Playlist 2387', 'private'),
(2388, 1186, 'user1186''s Playlist 2388', 'public'),
(2389, 1186, 'user1186''s Playlist 2389', 'unlisted'),
(2390, 1186, 'user1186''s Playlist 2390', 'private'),
(2391, 1187, 'user1187''s Playlist 2391', 'private'),
(2392, 1187, 'user1187''s Playlist 2392', 'unlisted'),
(2393, 1187, 'user1187''s Playlist 2393', 'public'),
(2394, 1188, 'user1188''s Playlist 2394', 'public'),
(2395, 1189, 'user1189''s Playlist 2395', 'private'),
(2396, 1189, 'user1189''s Playlist 2396', 'public'),
(2397, 1189, 'user1189''s Playlist 2397', 'private'),
(2398, 1190, 'user1190''s Playlist 2398', 'public'),
(2399, 1191, 'user1191''s Playlist 2399', 'public'),
(2400, 1192, 'user1192''s Playlist 2400', 'private'),
(2401, 1192, 'user1192''s Playlist 2401', 'unlisted'),
(2402, 1193, 'user1193''s Playlist 2402', 'unlisted'),
(2403, 1193, 'user1193''s Playlist 2403', 'private'),
(2404, 1194, 'user1194''s Playlist 2404', 'public'),
(2405, 1194, 'user1194''s Playlist 2405', 'unlisted'),
(2406, 1195, 'user1195''s Playlist 2406', 'private'),
(2407, 1196, 'user1196''s Playlist 2407', 'public'),
(2408, 1196, 'user1196''s Playlist 2408', 'unlisted'),
(2409, 1197, 'user1197''s Playlist 2409', 'private'),
(2410, 1197, 'user1197''s Playlist 2410', 'public'),
(2411, 1198, 'user1198''s Playlist 2411', 'private'),
(2412, 1198, 'user1198''s Playlist 2412', 'private'),
(2413, 1199, 'user1199''s Playlist 2413', 'private'),
(2414, 1199, 'user1199''s Playlist 2414', 'private'),
(2415, 1199, 'user1199''s Playlist 2415', 'private'),
(2416, 1200, 'user1200''s Playlist 2416', 'private'),
(2417, 1201, 'user1201''s Playlist 2417', 'private'),
(2418, 1201, 'user1201''s Playlist 2418', 'private'),
(2419, 1201, 'user1201''s Playlist 2419', 'unlisted'),
(2420, 1202, 'user1202''s Playlist 2420', 'public'),
(2421, 1202, 'user1202''s Playlist 2421', 'unlisted'),
(2422, 1203, 'user1203''s Playlist 2422', 'public'),
(2423, 1203, 'user1203''s Playlist 2423', 'private'),
(2424, 1204, 'user1204''s Playlist 2424', 'public'),
(2425, 1204, 'user1204''s Playlist 2425', 'unlisted'),
(2426, 1204, 'user1204''s Playlist 2426', 'private'),
(2427, 1205, 'user1205''s Playlist 2427', 'public'),
(2428, 1205, 'user1205''s Playlist 2428', 'public'),
(2429, 1206, 'user1206''s Playlist 2429', 'unlisted'),
(2430, 1206, 'user1206''s Playlist 2430', 'private'),
(2431, 1207, 'user1207''s Playlist 2431', 'private'),
(2432, 1207, 'user1207''s Playlist 2432', 'unlisted'),
(2433, 1208, 'user1208''s Playlist 2433', 'private'),
(2434, 1208, 'user1208''s Playlist 2434', 'public'),
(2435, 1208, 'user1208''s Playlist 2435', 'unlisted'),
(2436, 1209, 'user1209''s Playlist 2436', 'private'),
(2437, 1209, 'user1209''s Playlist 2437', 'private'),
(2438, 1210, 'user1210''s Playlist 2438', 'unlisted'),
(2439, 1211, 'user1211''s Playlist 2439', 'unlisted'),
(2440, 1211, 'user1211''s Playlist 2440', 'private'),
(2441, 1212, 'user1212''s Playlist 2441', 'unlisted'),
(2442, 1212, 'user1212''s Playlist 2442', 'public'),
(2443, 1213, 'user1213''s Playlist 2443', 'unlisted'),
(2444, 1214, 'user1214''s Playlist 2444', 'private'),
(2445, 1214, 'user1214''s Playlist 2445', 'private'),
(2446, 1214, 'user1214''s Playlist 2446', 'unlisted'),
(2447, 1215, 'user1215''s Playlist 2447', 'unlisted'),
(2448, 1215, 'user1215''s Playlist 2448', 'public'),
(2449, 1215, 'user1215''s Playlist 2449', 'public'),
(2450, 1216, 'user1216''s Playlist 2450', 'unlisted'),
(2451, 1217, 'user1217''s Playlist 2451', 'private'),
(2452, 1217, 'user1217''s Playlist 2452', 'public'),
(2453, 1217, 'user1217''s Playlist 2453', 'public'),
(2454, 1218, 'user1218''s Playlist 2454', 'public'),
(2455, 1219, 'user1219''s Playlist 2455', 'private'),
(2456, 1219, 'user1219''s Playlist 2456', 'private'),
(2457, 1219, 'user1219''s Playlist 2457', 'private'),
(2458, 1220, 'user1220''s Playlist 2458', 'public'),
(2459, 1220, 'user1220''s Playlist 2459', 'unlisted'),
(2460, 1220, 'user1220''s Playlist 2460', 'public'),
(2461, 1221, 'user1221''s Playlist 2461', 'private'),
(2462, 1221, 'user1221''s Playlist 2462', 'private'),
(2463, 1221, 'user1221''s Playlist 2463', 'private'),
(2464, 1222, 'user1222''s Playlist 2464', 'public'),
(2465, 1222, 'user1222''s Playlist 2465', 'unlisted'),
(2466, 1223, 'user1223''s Playlist 2466', 'unlisted'),
(2467, 1224, 'user1224''s Playlist 2467', 'private'),
(2468, 1224, 'user1224''s Playlist 2468', 'private'),
(2469, 1225, 'user1225''s Playlist 2469', 'private'),
(2470, 1225, 'user1225''s Playlist 2470', 'public'),
(2471, 1225, 'user1225''s Playlist 2471', 'public'),
(2472, 1226, 'user1226''s Playlist 2472', 'unlisted'),
(2473, 1227, 'user1227''s Playlist 2473', 'private'),
(2474, 1228, 'user1228''s Playlist 2474', 'private'),
(2475, 1228, 'user1228''s Playlist 2475', 'unlisted'),
(2476, 1228, 'user1228''s Playlist 2476', 'public'),
(2477, 1229, 'user1229''s Playlist 2477', 'private'),
(2478, 1229, 'user1229''s Playlist 2478', 'unlisted'),
(2479, 1230, 'user1230''s Playlist 2479', 'public'),
(2480, 1230, 'user1230''s Playlist 2480', 'unlisted'),
(2481, 1231, 'user1231''s Playlist 2481', 'unlisted'),
(2482, 1231, 'user1231''s Playlist 2482', 'private'),
(2483, 1232, 'user1232''s Playlist 2483', 'public'),
(2484, 1233, 'user1233''s Playlist 2484', 'public'),
(2485, 1234, 'user1234''s Playlist 2485', 'public'),
(2486, 1234, 'user1234''s Playlist 2486', 'unlisted'),
(2487, 1235, 'user1235''s Playlist 2487', 'public'),
(2488, 1235, 'user1235''s Playlist 2488', 'unlisted'),
(2489, 1236, 'user1236''s Playlist 2489', 'unlisted'),
(2490, 1236, 'user1236''s Playlist 2490', 'private'),
(2491, 1237, 'user1237''s Playlist 2491', 'public'),
(2492, 1237, 'user1237''s Playlist 2492', 'unlisted'),
(2493, 1237, 'user1237''s Playlist 2493', 'unlisted'),
(2494, 1238, 'user1238''s Playlist 2494', 'private'),
(2495, 1238, 'user1238''s Playlist 2495', 'public'),
(2496, 1239, 'user1239''s Playlist 2496', 'unlisted'),
(2497, 1239, 'user1239''s Playlist 2497', 'unlisted'),
(2498, 1239, 'user1239''s Playlist 2498', 'unlisted'),
(2499, 1240, 'user1240''s Playlist 2499', 'private'),
(2500, 1241, 'user1241''s Playlist 2500', 'public'),
(2501, 1241, 'user1241''s Playlist 2501', 'public'),
(2502, 1241, 'user1241''s Playlist 2502', 'public'),
(2503, 1242, 'user1242''s Playlist 2503', 'public'),
(2504, 1243, 'user1243''s Playlist 2504', 'public'),
(2505, 1243, 'user1243''s Playlist 2505', 'private'),
(2506, 1244, 'user1244''s Playlist 2506', 'unlisted'),
(2507, 1244, 'user1244''s Playlist 2507', 'private'),
(2508, 1244, 'user1244''s Playlist 2508', 'private'),
(2509, 1245, 'user1245''s Playlist 2509', 'public'),
(2510, 1245, 'user1245''s Playlist 2510', 'unlisted'),
(2511, 1245, 'user1245''s Playlist 2511', 'public'),
(2512, 1246, 'user1246''s Playlist 2512', 'private'),
(2513, 1247, 'user1247''s Playlist 2513', 'unlisted'),
(2514, 1247, 'user1247''s Playlist 2514', 'unlisted'),
(2515, 1248, 'user1248''s Playlist 2515', 'unlisted'),
(2516, 1248, 'user1248''s Playlist 2516', 'private'),
(2517, 1249, 'user1249''s Playlist 2517', 'unlisted'),
(2518, 1249, 'user1249''s Playlist 2518', 'public'),
(2519, 1250, 'user1250''s Playlist 2519', 'private'),
(2520, 1251, 'user1251''s Playlist 2520', 'public'),
(2521, 1251, 'user1251''s Playlist 2521', 'private'),
(2522, 1251, 'user1251''s Playlist 2522', 'private'),
(2523, 1252, 'user1252''s Playlist 2523', 'unlisted'),
(2524, 1252, 'user1252''s Playlist 2524', 'private'),
(2525, 1252, 'user1252''s Playlist 2525', 'public'),
(2526, 1253, 'user1253''s Playlist 2526', 'unlisted'),
(2527, 1253, 'user1253''s Playlist 2527', 'unlisted'),
(2528, 1253, 'user1253''s Playlist 2528', 'public'),
(2529, 1254, 'user1254''s Playlist 2529', 'private'),
(2530, 1255, 'user1255''s Playlist 2530', 'public'),
(2531, 1255, 'user1255''s Playlist 2531', 'public'),
(2532, 1255, 'user1255''s Playlist 2532', 'unlisted'),
(2533, 1256, 'user1256''s Playlist 2533', 'private'),
(2534, 1257, 'user1257''s Playlist 2534', 'public'),
(2535, 1258, 'user1258''s Playlist 2535', 'unlisted'),
(2536, 1258, 'user1258''s Playlist 2536', 'public'),
(2537, 1259, 'user1259''s Playlist 2537', 'unlisted'),
(2538, 1259, 'user1259''s Playlist 2538', 'private'),
(2539, 1260, 'user1260''s Playlist 2539', 'private'),
(2540, 1261, 'user1261''s Playlist 2540', 'unlisted'),
(2541, 1262, 'user1262''s Playlist 2541', 'private'),
(2542, 1262, 'user1262''s Playlist 2542', 'public'),
(2543, 1262, 'user1262''s Playlist 2543', 'unlisted'),
(2544, 1263, 'user1263''s Playlist 2544', 'unlisted'),
(2545, 1263, 'user1263''s Playlist 2545', 'unlisted'),
(2546, 1264, 'user1264''s Playlist 2546', 'unlisted'),
(2547, 1265, 'user1265''s Playlist 2547', 'public'),
(2548, 1265, 'user1265''s Playlist 2548', 'unlisted'),
(2549, 1265, 'user1265''s Playlist 2549', 'unlisted'),
(2550, 1266, 'user1266''s Playlist 2550', 'public'),
(2551, 1267, 'user1267''s Playlist 2551', 'unlisted'),
(2552, 1267, 'user1267''s Playlist 2552', 'unlisted'),
(2553, 1267, 'user1267''s Playlist 2553', 'unlisted'),
(2554, 1268, 'user1268''s Playlist 2554', 'unlisted'),
(2555, 1268, 'user1268''s Playlist 2555', 'public'),
(2556, 1269, 'user1269''s Playlist 2556', 'public'),
(2557, 1270, 'user1270''s Playlist 2557', 'unlisted'),
(2558, 1271, 'user1271''s Playlist 2558', 'private'),
(2559, 1271, 'user1271''s Playlist 2559', 'unlisted'),
(2560, 1271, 'user1271''s Playlist 2560', 'public'),
(2561, 1272, 'user1272''s Playlist 2561', 'private'),
(2562, 1272, 'user1272''s Playlist 2562', 'unlisted'),
(2563, 1272, 'user1272''s Playlist 2563', 'unlisted'),
(2564, 1273, 'user1273''s Playlist 2564', 'private'),
(2565, 1274, 'user1274''s Playlist 2565', 'unlisted'),
(2566, 1274, 'user1274''s Playlist 2566', 'private'),
(2567, 1274, 'user1274''s Playlist 2567', 'unlisted'),
(2568, 1275, 'user1275''s Playlist 2568', 'private'),
(2569, 1275, 'user1275''s Playlist 2569', 'public'),
(2570, 1276, 'user1276''s Playlist 2570', 'private'),
(2571, 1276, 'user1276''s Playlist 2571', 'private'),
(2572, 1276, 'user1276''s Playlist 2572', 'private'),
(2573, 1277, 'user1277''s Playlist 2573', 'unlisted'),
(2574, 1278, 'user1278''s Playlist 2574', 'public'),
(2575, 1279, 'user1279''s Playlist 2575', 'private'),
(2576, 1279, 'user1279''s Playlist 2576', 'private'),
(2577, 1280, 'user1280''s Playlist 2577', 'public'),
(2578, 1280, 'user1280''s Playlist 2578', 'private'),
(2579, 1281, 'user1281''s Playlist 2579', 'public'),
(2580, 1281, 'user1281''s Playlist 2580', 'private'),
(2581, 1281, 'user1281''s Playlist 2581', 'unlisted'),
(2582, 1282, 'user1282''s Playlist 2582', 'unlisted'),
(2583, 1282, 'user1282''s Playlist 2583', 'private'),
(2584, 1283, 'user1283''s Playlist 2584', 'public'),
(2585, 1283, 'user1283''s Playlist 2585', 'private'),
(2586, 1284, 'user1284''s Playlist 2586', 'unlisted'),
(2587, 1284, 'user1284''s Playlist 2587', 'public'),
(2588, 1284, 'user1284''s Playlist 2588', 'private'),
(2589, 1285, 'user1285''s Playlist 2589', 'private'),
(2590, 1286, 'user1286''s Playlist 2590', 'private'),
(2591, 1287, 'user1287''s Playlist 2591', 'public'),
(2592, 1287, 'user1287''s Playlist 2592', 'public'),
(2593, 1288, 'user1288''s Playlist 2593', 'public'),
(2594, 1289, 'user1289''s Playlist 2594', 'private'),
(2595, 1289, 'user1289''s Playlist 2595', 'unlisted'),
(2596, 1290, 'user1290''s Playlist 2596', 'public'),
(2597, 1290, 'user1290''s Playlist 2597', 'public'),
(2598, 1291, 'user1291''s Playlist 2598', 'unlisted'),
(2599, 1291, 'user1291''s Playlist 2599', 'unlisted'),
(2600, 1292, 'user1292''s Playlist 2600', 'public'),
(2601, 1292, 'user1292''s Playlist 2601', 'public'),
(2602, 1293, 'user1293''s Playlist 2602', 'unlisted'),
(2603, 1293, 'user1293''s Playlist 2603', 'private'),
(2604, 1294, 'user1294''s Playlist 2604', 'private'),
(2605, 1294, 'user1294''s Playlist 2605', 'private'),
(2606, 1295, 'user1295''s Playlist 2606', 'public'),
(2607, 1296, 'user1296''s Playlist 2607', 'unlisted'),
(2608, 1296, 'user1296''s Playlist 2608', 'private'),
(2609, 1297, 'user1297''s Playlist 2609', 'public'),
(2610, 1298, 'user1298''s Playlist 2610', 'private'),
(2611, 1298, 'user1298''s Playlist 2611', 'public'),
(2612, 1298, 'user1298''s Playlist 2612', 'public'),
(2613, 1299, 'user1299''s Playlist 2613', 'private'),
(2614, 1299, 'user1299''s Playlist 2614', 'unlisted'),
(2615, 1300, 'user1300''s Playlist 2615', 'unlisted'),
(2616, 1300, 'user1300''s Playlist 2616', 'private'),
(2617, 1300, 'user1300''s Playlist 2617', 'private'),
(2618, 1301, 'user1301''s Playlist 2618', 'public'),
(2619, 1301, 'user1301''s Playlist 2619', 'public'),
(2620, 1301, 'user1301''s Playlist 2620', 'private'),
(2621, 1302, 'user1302''s Playlist 2621', 'private'),
(2622, 1303, 'user1303''s Playlist 2622', 'private'),
(2623, 1303, 'user1303''s Playlist 2623', 'private'),
(2624, 1303, 'user1303''s Playlist 2624', 'private'),
(2625, 1304, 'user1304''s Playlist 2625', 'private'),
(2626, 1305, 'user1305''s Playlist 2626', 'unlisted'),
(2627, 1306, 'user1306''s Playlist 2627', 'public'),
(2628, 1306, 'user1306''s Playlist 2628', 'private'),
(2629, 1306, 'user1306''s Playlist 2629', 'unlisted'),
(2630, 1307, 'user1307''s Playlist 2630', 'public'),
(2631, 1307, 'user1307''s Playlist 2631', 'private'),
(2632, 1308, 'user1308''s Playlist 2632', 'private'),
(2633, 1308, 'user1308''s Playlist 2633', 'unlisted'),
(2634, 1308, 'user1308''s Playlist 2634', 'private'),
(2635, 1309, 'user1309''s Playlist 2635', 'unlisted'),
(2636, 1309, 'user1309''s Playlist 2636', 'unlisted'),
(2637, 1309, 'user1309''s Playlist 2637', 'public'),
(2638, 1310, 'user1310''s Playlist 2638', 'public'),
(2639, 1311, 'user1311''s Playlist 2639', 'private'),
(2640, 1311, 'user1311''s Playlist 2640', 'private'),
(2641, 1312, 'user1312''s Playlist 2641', 'private'),
(2642, 1312, 'user1312''s Playlist 2642', 'public'),
(2643, 1312, 'user1312''s Playlist 2643', 'public'),
(2644, 1313, 'user1313''s Playlist 2644', 'unlisted'),
(2645, 1313, 'user1313''s Playlist 2645', 'private'),
(2646, 1313, 'user1313''s Playlist 2646', 'unlisted'),
(2647, 1314, 'user1314''s Playlist 2647', 'public'),
(2648, 1315, 'user1315''s Playlist 2648', 'public'),
(2649, 1316, 'user1316''s Playlist 2649', 'private'),
(2650, 1316, 'user1316''s Playlist 2650', 'private'),
(2651, 1316, 'user1316''s Playlist 2651', 'unlisted'),
(2652, 1317, 'user1317''s Playlist 2652', 'public'),
(2653, 1317, 'user1317''s Playlist 2653', 'unlisted'),
(2654, 1318, 'user1318''s Playlist 2654', 'public'),
(2655, 1318, 'user1318''s Playlist 2655', 'private'),
(2656, 1318, 'user1318''s Playlist 2656', 'unlisted'),
(2657, 1319, 'user1319''s Playlist 2657', 'public'),
(2658, 1319, 'user1319''s Playlist 2658', 'private'),
(2659, 1320, 'user1320''s Playlist 2659', 'unlisted'),
(2660, 1320, 'user1320''s Playlist 2660', 'private'),
(2661, 1320, 'user1320''s Playlist 2661', 'unlisted'),
(2662, 1321, 'user1321''s Playlist 2662', 'unlisted'),
(2663, 1321, 'user1321''s Playlist 2663', 'unlisted'),
(2664, 1322, 'user1322''s Playlist 2664', 'private'),
(2665, 1322, 'user1322''s Playlist 2665', 'unlisted'),
(2666, 1322, 'user1322''s Playlist 2666', 'unlisted'),
(2667, 1323, 'user1323''s Playlist 2667', 'private'),
(2668, 1323, 'user1323''s Playlist 2668', 'public'),
(2669, 1324, 'user1324''s Playlist 2669', 'private'),
(2670, 1324, 'user1324''s Playlist 2670', 'unlisted'),
(2671, 1325, 'user1325''s Playlist 2671', 'private'),
(2672, 1326, 'user1326''s Playlist 2672', 'private'),
(2673, 1326, 'user1326''s Playlist 2673', 'unlisted'),
(2674, 1326, 'user1326''s Playlist 2674', 'unlisted'),
(2675, 1327, 'user1327''s Playlist 2675', 'public'),
(2676, 1327, 'user1327''s Playlist 2676', 'unlisted'),
(2677, 1327, 'user1327''s Playlist 2677', 'private'),
(2678, 1328, 'user1328''s Playlist 2678', 'unlisted'),
(2679, 1328, 'user1328''s Playlist 2679', 'unlisted'),
(2680, 1329, 'user1329''s Playlist 2680', 'public'),
(2681, 1329, 'user1329''s Playlist 2681', 'unlisted'),
(2682, 1329, 'user1329''s Playlist 2682', 'public'),
(2683, 1330, 'user1330''s Playlist 2683', 'private'),
(2684, 1330, 'user1330''s Playlist 2684', 'public'),
(2685, 1330, 'user1330''s Playlist 2685', 'unlisted'),
(2686, 1331, 'user1331''s Playlist 2686', 'unlisted'),
(2687, 1331, 'user1331''s Playlist 2687', 'unlisted'),
(2688, 1331, 'user1331''s Playlist 2688', 'private'),
(2689, 1332, 'user1332''s Playlist 2689', 'unlisted'),
(2690, 1333, 'user1333''s Playlist 2690', 'public'),
(2691, 1334, 'user1334''s Playlist 2691', 'unlisted'),
(2692, 1334, 'user1334''s Playlist 2692', 'public'),
(2693, 1334, 'user1334''s Playlist 2693', 'public'),
(2694, 1335, 'user1335''s Playlist 2694', 'private'),
(2695, 1336, 'user1336''s Playlist 2695', 'private'),
(2696, 1336, 'user1336''s Playlist 2696', 'public'),
(2697, 1337, 'user1337''s Playlist 2697', 'unlisted'),
(2698, 1337, 'user1337''s Playlist 2698', 'public'),
(2699, 1338, 'user1338''s Playlist 2699', 'unlisted'),
(2700, 1338, 'user1338''s Playlist 2700', 'unlisted'),
(2701, 1339, 'user1339''s Playlist 2701', 'unlisted'),
(2702, 1339, 'user1339''s Playlist 2702', 'unlisted'),
(2703, 1340, 'user1340''s Playlist 2703', 'unlisted'),
(2704, 1341, 'user1341''s Playlist 2704', 'unlisted'),
(2705, 1342, 'user1342''s Playlist 2705', 'unlisted'),
(2706, 1343, 'user1343''s Playlist 2706', 'unlisted'),
(2707, 1343, 'user1343''s Playlist 2707', 'private'),
(2708, 1344, 'user1344''s Playlist 2708', 'private'),
(2709, 1344, 'user1344''s Playlist 2709', 'private'),
(2710, 1344, 'user1344''s Playlist 2710', 'public'),
(2711, 1345, 'user1345''s Playlist 2711', 'unlisted'),
(2712, 1345, 'user1345''s Playlist 2712', 'private'),
(2713, 1346, 'user1346''s Playlist 2713', 'private'),
(2714, 1346, 'user1346''s Playlist 2714', 'unlisted'),
(2715, 1346, 'user1346''s Playlist 2715', 'unlisted'),
(2716, 1347, 'user1347''s Playlist 2716', 'unlisted'),
(2717, 1347, 'user1347''s Playlist 2717', 'unlisted'),
(2718, 1347, 'user1347''s Playlist 2718', 'private'),
(2719, 1348, 'user1348''s Playlist 2719', 'private'),
(2720, 1348, 'user1348''s Playlist 2720', 'public'),
(2721, 1348, 'user1348''s Playlist 2721', 'public'),
(2722, 1349, 'user1349''s Playlist 2722', 'unlisted'),
(2723, 1349, 'user1349''s Playlist 2723', 'private'),
(2724, 1350, 'user1350''s Playlist 2724', 'private'),
(2725, 1351, 'user1351''s Playlist 2725', 'unlisted'),
(2726, 1351, 'user1351''s Playlist 2726', 'public'),
(2727, 1352, 'user1352''s Playlist 2727', 'unlisted'),
(2728, 1352, 'user1352''s Playlist 2728', 'private'),
(2729, 1352, 'user1352''s Playlist 2729', 'private'),
(2730, 1353, 'user1353''s Playlist 2730', 'private'),
(2731, 1353, 'user1353''s Playlist 2731', 'unlisted'),
(2732, 1354, 'user1354''s Playlist 2732', 'private'),
(2733, 1354, 'user1354''s Playlist 2733', 'private'),
(2734, 1354, 'user1354''s Playlist 2734', 'public'),
(2735, 1355, 'user1355''s Playlist 2735', 'unlisted'),
(2736, 1355, 'user1355''s Playlist 2736', 'unlisted'),
(2737, 1355, 'user1355''s Playlist 2737', 'private'),
(2738, 1356, 'user1356''s Playlist 2738', 'private'),
(2739, 1356, 'user1356''s Playlist 2739', 'public'),
(2740, 1357, 'user1357''s Playlist 2740', 'public'),
(2741, 1357, 'user1357''s Playlist 2741', 'private'),
(2742, 1358, 'user1358''s Playlist 2742', 'public'),
(2743, 1358, 'user1358''s Playlist 2743', 'private'),
(2744, 1358, 'user1358''s Playlist 2744', 'private'),
(2745, 1359, 'user1359''s Playlist 2745', 'private'),
(2746, 1359, 'user1359''s Playlist 2746', 'unlisted'),
(2747, 1359, 'user1359''s Playlist 2747', 'private'),
(2748, 1360, 'user1360''s Playlist 2748', 'public'),
(2749, 1361, 'user1361''s Playlist 2749', 'private'),
(2750, 1361, 'user1361''s Playlist 2750', 'unlisted'),
(2751, 1361, 'user1361''s Playlist 2751', 'unlisted'),
(2752, 1362, 'user1362''s Playlist 2752', 'public'),
(2753, 1362, 'user1362''s Playlist 2753', 'public'),
(2754, 1363, 'user1363''s Playlist 2754', 'unlisted'),
(2755, 1363, 'user1363''s Playlist 2755', 'unlisted'),
(2756, 1363, 'user1363''s Playlist 2756', 'public'),
(2757, 1364, 'user1364''s Playlist 2757', 'public'),
(2758, 1365, 'user1365''s Playlist 2758', 'unlisted'),
(2759, 1365, 'user1365''s Playlist 2759', 'public'),
(2760, 1365, 'user1365''s Playlist 2760', 'unlisted'),
(2761, 1366, 'user1366''s Playlist 2761', 'public'),
(2762, 1367, 'user1367''s Playlist 2762', 'private'),
(2763, 1368, 'user1368''s Playlist 2763', 'unlisted'),
(2764, 1368, 'user1368''s Playlist 2764', 'private'),
(2765, 1369, 'user1369''s Playlist 2765', 'unlisted'),
(2766, 1370, 'user1370''s Playlist 2766', 'public'),
(2767, 1371, 'user1371''s Playlist 2767', 'public'),
(2768, 1371, 'user1371''s Playlist 2768', 'private'),
(2769, 1371, 'user1371''s Playlist 2769', 'unlisted'),
(2770, 1372, 'user1372''s Playlist 2770', 'private'),
(2771, 1372, 'user1372''s Playlist 2771', 'unlisted'),
(2772, 1373, 'user1373''s Playlist 2772', 'private'),
(2773, 1374, 'user1374''s Playlist 2773', 'private'),
(2774, 1374, 'user1374''s Playlist 2774', 'unlisted'),
(2775, 1375, 'user1375''s Playlist 2775', 'public'),
(2776, 1376, 'user1376''s Playlist 2776', 'unlisted'),
(2777, 1376, 'user1376''s Playlist 2777', 'public'),
(2778, 1376, 'user1376''s Playlist 2778', 'unlisted'),
(2779, 1377, 'user1377''s Playlist 2779', 'unlisted'),
(2780, 1377, 'user1377''s Playlist 2780', 'public'),
(2781, 1377, 'user1377''s Playlist 2781', 'public'),
(2782, 1378, 'user1378''s Playlist 2782', 'public'),
(2783, 1378, 'user1378''s Playlist 2783', 'public'),
(2784, 1379, 'user1379''s Playlist 2784', 'private'),
(2785, 1379, 'user1379''s Playlist 2785', 'public'),
(2786, 1380, 'user1380''s Playlist 2786', 'private'),
(2787, 1380, 'user1380''s Playlist 2787', 'public'),
(2788, 1380, 'user1380''s Playlist 2788', 'public'),
(2789, 1381, 'user1381''s Playlist 2789', 'unlisted'),
(2790, 1381, 'user1381''s Playlist 2790', 'unlisted'),
(2791, 1382, 'user1382''s Playlist 2791', 'private'),
(2792, 1383, 'user1383''s Playlist 2792', 'private'),
(2793, 1383, 'user1383''s Playlist 2793', 'unlisted'),
(2794, 1384, 'user1384''s Playlist 2794', 'unlisted'),
(2795, 1384, 'user1384''s Playlist 2795', 'private'),
(2796, 1384, 'user1384''s Playlist 2796', 'public'),
(2797, 1385, 'user1385''s Playlist 2797', 'private'),
(2798, 1385, 'user1385''s Playlist 2798', 'private'),
(2799, 1385, 'user1385''s Playlist 2799', 'public'),
(2800, 1386, 'user1386''s Playlist 2800', 'private'),
(2801, 1387, 'user1387''s Playlist 2801', 'unlisted'),
(2802, 1388, 'user1388''s Playlist 2802', 'unlisted'),
(2803, 1388, 'user1388''s Playlist 2803', 'private'),
(2804, 1389, 'user1389''s Playlist 2804', 'public'),
(2805, 1389, 'user1389''s Playlist 2805', 'public'),
(2806, 1389, 'user1389''s Playlist 2806', 'unlisted'),
(2807, 1390, 'user1390''s Playlist 2807', 'private'),
(2808, 1390, 'user1390''s Playlist 2808', 'unlisted'),
(2809, 1391, 'user1391''s Playlist 2809', 'public'),
(2810, 1391, 'user1391''s Playlist 2810', 'public'),
(2811, 1391, 'user1391''s Playlist 2811', 'unlisted'),
(2812, 1392, 'user1392''s Playlist 2812', 'private'),
(2813, 1392, 'user1392''s Playlist 2813', 'private'),
(2814, 1392, 'user1392''s Playlist 2814', 'unlisted'),
(2815, 1393, 'user1393''s Playlist 2815', 'public'),
(2816, 1393, 'user1393''s Playlist 2816', 'private'),
(2817, 1394, 'user1394''s Playlist 2817', 'public'),
(2818, 1394, 'user1394''s Playlist 2818', 'public'),
(2819, 1394, 'user1394''s Playlist 2819', 'public'),
(2820, 1395, 'user1395''s Playlist 2820', 'private'),
(2821, 1395, 'user1395''s Playlist 2821', 'public'),
(2822, 1396, 'user1396''s Playlist 2822', 'private'),
(2823, 1397, 'user1397''s Playlist 2823', 'public'),
(2824, 1397, 'user1397''s Playlist 2824', 'private'),
(2825, 1398, 'user1398''s Playlist 2825', 'private'),
(2826, 1398, 'user1398''s Playlist 2826', 'private'),
(2827, 1399, 'user1399''s Playlist 2827', 'unlisted'),
(2828, 1399, 'user1399''s Playlist 2828', 'unlisted'),
(2829, 1399, 'user1399''s Playlist 2829', 'public'),
(2830, 1400, 'user1400''s Playlist 2830', 'unlisted'),
(2831, 1400, 'user1400''s Playlist 2831', 'private'),
(2832, 1401, 'user1401''s Playlist 2832', 'public'),
(2833, 1401, 'user1401''s Playlist 2833', 'public'),
(2834, 1401, 'user1401''s Playlist 2834', 'unlisted'),
(2835, 1402, 'user1402''s Playlist 2835', 'private'),
(2836, 1403, 'user1403''s Playlist 2836', 'public'),
(2837, 1403, 'user1403''s Playlist 2837', 'private'),
(2838, 1404, 'user1404''s Playlist 2838', 'unlisted'),
(2839, 1404, 'user1404''s Playlist 2839', 'unlisted'),
(2840, 1404, 'user1404''s Playlist 2840', 'private'),
(2841, 1405, 'user1405''s Playlist 2841', 'public'),
(2842, 1405, 'user1405''s Playlist 2842', 'unlisted'),
(2843, 1405, 'user1405''s Playlist 2843', 'private'),
(2844, 1406, 'user1406''s Playlist 2844', 'unlisted'),
(2845, 1406, 'user1406''s Playlist 2845', 'public'),
(2846, 1407, 'user1407''s Playlist 2846', 'public'),
(2847, 1408, 'user1408''s Playlist 2847', 'public'),
(2848, 1408, 'user1408''s Playlist 2848', 'private'),
(2849, 1409, 'user1409''s Playlist 2849', 'unlisted'),
(2850, 1409, 'user1409''s Playlist 2850', 'private'),
(2851, 1409, 'user1409''s Playlist 2851', 'private'),
(2852, 1410, 'user1410''s Playlist 2852', 'unlisted'),
(2853, 1410, 'user1410''s Playlist 2853', 'private'),
(2854, 1410, 'user1410''s Playlist 2854', 'unlisted'),
(2855, 1411, 'user1411''s Playlist 2855', 'public'),
(2856, 1411, 'user1411''s Playlist 2856', 'public'),
(2857, 1411, 'user1411''s Playlist 2857', 'unlisted'),
(2858, 1412, 'user1412''s Playlist 2858', 'public'),
(2859, 1412, 'user1412''s Playlist 2859', 'unlisted'),
(2860, 1412, 'user1412''s Playlist 2860', 'private'),
(2861, 1413, 'user1413''s Playlist 2861', 'unlisted'),
(2862, 1413, 'user1413''s Playlist 2862', 'private'),
(2863, 1413, 'user1413''s Playlist 2863', 'public'),
(2864, 1414, 'user1414''s Playlist 2864', 'public'),
(2865, 1414, 'user1414''s Playlist 2865', 'public'),
(2866, 1414, 'user1414''s Playlist 2866', 'unlisted'),
(2867, 1415, 'user1415''s Playlist 2867', 'public'),
(2868, 1415, 'user1415''s Playlist 2868', 'unlisted'),
(2869, 1415, 'user1415''s Playlist 2869', 'unlisted'),
(2870, 1416, 'user1416''s Playlist 2870', 'public'),
(2871, 1417, 'user1417''s Playlist 2871', 'unlisted'),
(2872, 1417, 'user1417''s Playlist 2872', 'private'),
(2873, 1418, 'user1418''s Playlist 2873', 'unlisted'),
(2874, 1419, 'user1419''s Playlist 2874', 'unlisted'),
(2875, 1420, 'user1420''s Playlist 2875', 'private'),
(2876, 1420, 'user1420''s Playlist 2876', 'public'),
(2877, 1420, 'user1420''s Playlist 2877', 'unlisted'),
(2878, 1421, 'user1421''s Playlist 2878', 'public'),
(2879, 1421, 'user1421''s Playlist 2879', 'private'),
(2880, 1422, 'user1422''s Playlist 2880', 'unlisted'),
(2881, 1423, 'user1423''s Playlist 2881', 'private'),
(2882, 1423, 'user1423''s Playlist 2882', 'unlisted'),
(2883, 1424, 'user1424''s Playlist 2883', 'unlisted'),
(2884, 1425, 'user1425''s Playlist 2884', 'unlisted'),
(2885, 1425, 'user1425''s Playlist 2885', 'private'),
(2886, 1426, 'user1426''s Playlist 2886', 'public'),
(2887, 1426, 'user1426''s Playlist 2887', 'private'),
(2888, 1426, 'user1426''s Playlist 2888', 'private'),
(2889, 1427, 'user1427''s Playlist 2889', 'unlisted'),
(2890, 1428, 'user1428''s Playlist 2890', 'unlisted'),
(2891, 1429, 'user1429''s Playlist 2891', 'public'),
(2892, 1430, 'user1430''s Playlist 2892', 'private'),
(2893, 1430, 'user1430''s Playlist 2893', 'unlisted'),
(2894, 1431, 'user1431''s Playlist 2894', 'unlisted'),
(2895, 1432, 'user1432''s Playlist 2895', 'public'),
(2896, 1433, 'user1433''s Playlist 2896', 'public'),
(2897, 1433, 'user1433''s Playlist 2897', 'private'),
(2898, 1434, 'user1434''s Playlist 2898', 'public'),
(2899, 1434, 'user1434''s Playlist 2899', 'public'),
(2900, 1435, 'user1435''s Playlist 2900', 'unlisted'),
(2901, 1435, 'user1435''s Playlist 2901', 'unlisted'),
(2902, 1435, 'user1435''s Playlist 2902', 'private'),
(2903, 1436, 'user1436''s Playlist 2903', 'private'),
(2904, 1436, 'user1436''s Playlist 2904', 'private'),
(2905, 1437, 'user1437''s Playlist 2905', 'private'),
(2906, 1437, 'user1437''s Playlist 2906', 'public'),
(2907, 1438, 'user1438''s Playlist 2907', 'unlisted'),
(2908, 1438, 'user1438''s Playlist 2908', 'unlisted'),
(2909, 1438, 'user1438''s Playlist 2909', 'public'),
(2910, 1439, 'user1439''s Playlist 2910', 'private'),
(2911, 1439, 'user1439''s Playlist 2911', 'public'),
(2912, 1439, 'user1439''s Playlist 2912', 'public'),
(2913, 1440, 'user1440''s Playlist 2913', 'private'),
(2914, 1440, 'user1440''s Playlist 2914', 'unlisted'),
(2915, 1440, 'user1440''s Playlist 2915', 'public'),
(2916, 1441, 'user1441''s Playlist 2916', 'public'),
(2917, 1441, 'user1441''s Playlist 2917', 'public'),
(2918, 1441, 'user1441''s Playlist 2918', 'public'),
(2919, 1442, 'user1442''s Playlist 2919', 'private'),
(2920, 1442, 'user1442''s Playlist 2920', 'unlisted'),
(2921, 1443, 'user1443''s Playlist 2921', 'unlisted'),
(2922, 1443, 'user1443''s Playlist 2922', 'private'),
(2923, 1443, 'user1443''s Playlist 2923', 'unlisted'),
(2924, 1444, 'user1444''s Playlist 2924', 'public'),
(2925, 1444, 'user1444''s Playlist 2925', 'public'),
(2926, 1445, 'user1445''s Playlist 2926', 'private'),
(2927, 1445, 'user1445''s Playlist 2927', 'public'),
(2928, 1446, 'user1446''s Playlist 2928', 'public'),
(2929, 1446, 'user1446''s Playlist 2929', 'unlisted'),
(2930, 1447, 'user1447''s Playlist 2930', 'public'),
(2931, 1448, 'user1448''s Playlist 2931', 'private'),
(2932, 1448, 'user1448''s Playlist 2932', 'unlisted'),
(2933, 1448, 'user1448''s Playlist 2933', 'public'),
(2934, 1449, 'user1449''s Playlist 2934', 'public'),
(2935, 1450, 'user1450''s Playlist 2935', 'public'),
(2936, 1451, 'user1451''s Playlist 2936', 'public'),
(2937, 1451, 'user1451''s Playlist 2937', 'private'),
(2938, 1451, 'user1451''s Playlist 2938', 'unlisted'),
(2939, 1452, 'user1452''s Playlist 2939', 'unlisted'),
(2940, 1452, 'user1452''s Playlist 2940', 'public'),
(2941, 1452, 'user1452''s Playlist 2941', 'public'),
(2942, 1453, 'user1453''s Playlist 2942', 'public'),
(2943, 1453, 'user1453''s Playlist 2943', 'private'),
(2944, 1453, 'user1453''s Playlist 2944', 'private'),
(2945, 1454, 'user1454''s Playlist 2945', 'unlisted'),
(2946, 1455, 'user1455''s Playlist 2946', 'public'),
(2947, 1456, 'user1456''s Playlist 2947', 'unlisted'),
(2948, 1457, 'user1457''s Playlist 2948', 'public'),
(2949, 1457, 'user1457''s Playlist 2949', 'unlisted'),
(2950, 1458, 'user1458''s Playlist 2950', 'private'),
(2951, 1458, 'user1458''s Playlist 2951', 'unlisted'),
(2952, 1458, 'user1458''s Playlist 2952', 'unlisted'),
(2953, 1459, 'user1459''s Playlist 2953', 'private'),
(2954, 1459, 'user1459''s Playlist 2954', 'public'),
(2955, 1459, 'user1459''s Playlist 2955', 'private'),
(2956, 1460, 'user1460''s Playlist 2956', 'unlisted'),
(2957, 1461, 'user1461''s Playlist 2957', 'public'),
(2958, 1461, 'user1461''s Playlist 2958', 'private'),
(2959, 1461, 'user1461''s Playlist 2959', 'private'),
(2960, 1462, 'user1462''s Playlist 2960', 'public'),
(2961, 1462, 'user1462''s Playlist 2961', 'unlisted'),
(2962, 1463, 'user1463''s Playlist 2962', 'unlisted'),
(2963, 1463, 'user1463''s Playlist 2963', 'public'),
(2964, 1463, 'user1463''s Playlist 2964', 'unlisted'),
(2965, 1464, 'user1464''s Playlist 2965', 'private'),
(2966, 1464, 'user1464''s Playlist 2966', 'unlisted'),
(2967, 1464, 'user1464''s Playlist 2967', 'private'),
(2968, 1465, 'user1465''s Playlist 2968', 'private'),
(2969, 1466, 'user1466''s Playlist 2969', 'unlisted'),
(2970, 1466, 'user1466''s Playlist 2970', 'private'),
(2971, 1466, 'user1466''s Playlist 2971', 'unlisted'),
(2972, 1467, 'user1467''s Playlist 2972', 'unlisted'),
(2973, 1467, 'user1467''s Playlist 2973', 'private'),
(2974, 1468, 'user1468''s Playlist 2974', 'public'),
(2975, 1468, 'user1468''s Playlist 2975', 'private'),
(2976, 1469, 'user1469''s Playlist 2976', 'public'),
(2977, 1469, 'user1469''s Playlist 2977', 'unlisted'),
(2978, 1470, 'user1470''s Playlist 2978', 'public'),
(2979, 1470, 'user1470''s Playlist 2979', 'public'),
(2980, 1471, 'user1471''s Playlist 2980', 'unlisted'),
(2981, 1471, 'user1471''s Playlist 2981', 'public'),
(2982, 1472, 'user1472''s Playlist 2982', 'public'),
(2983, 1472, 'user1472''s Playlist 2983', 'unlisted'),
(2984, 1473, 'user1473''s Playlist 2984', 'private'),
(2985, 1473, 'user1473''s Playlist 2985', 'unlisted'),
(2986, 1474, 'user1474''s Playlist 2986', 'public'),
(2987, 1474, 'user1474''s Playlist 2987', 'private'),
(2988, 1474, 'user1474''s Playlist 2988', 'public'),
(2989, 1475, 'user1475''s Playlist 2989', 'public'),
(2990, 1475, 'user1475''s Playlist 2990', 'private'),
(2991, 1476, 'user1476''s Playlist 2991', 'public'),
(2992, 1476, 'user1476''s Playlist 2992', 'private'),
(2993, 1476, 'user1476''s Playlist 2993', 'private'),
(2994, 1477, 'user1477''s Playlist 2994', 'unlisted'),
(2995, 1478, 'user1478''s Playlist 2995', 'public'),
(2996, 1478, 'user1478''s Playlist 2996', 'public'),
(2997, 1478, 'user1478''s Playlist 2997', 'private'),
(2998, 1479, 'user1479''s Playlist 2998', 'unlisted'),
(2999, 1479, 'user1479''s Playlist 2999', 'unlisted'),
(3000, 1480, 'user1480''s Playlist 3000', 'public'),
(3001, 1480, 'user1480''s Playlist 3001', 'public'),
(3002, 1480, 'user1480''s Playlist 3002', 'public'),
(3003, 1481, 'user1481''s Playlist 3003', 'unlisted'),
(3004, 1481, 'user1481''s Playlist 3004', 'unlisted'),
(3005, 1481, 'user1481''s Playlist 3005', 'unlisted'),
(3006, 1482, 'user1482''s Playlist 3006', 'private'),
(3007, 1483, 'user1483''s Playlist 3007', 'private'),
(3008, 1484, 'user1484''s Playlist 3008', 'public'),
(3009, 1484, 'user1484''s Playlist 3009', 'public'),
(3010, 1485, 'user1485''s Playlist 3010', 'unlisted'),
(3011, 1486, 'user1486''s Playlist 3011', 'unlisted'),
(3012, 1487, 'user1487''s Playlist 3012', 'public'),
(3013, 1487, 'user1487''s Playlist 3013', 'unlisted'),
(3014, 1488, 'user1488''s Playlist 3014', 'unlisted'),
(3015, 1488, 'user1488''s Playlist 3015', 'public'),
(3016, 1488, 'user1488''s Playlist 3016', 'private'),
(3017, 1489, 'user1489''s Playlist 3017', 'unlisted'),
(3018, 1490, 'user1490''s Playlist 3018', 'private'),
(3019, 1490, 'user1490''s Playlist 3019', 'private'),
(3020, 1491, 'user1491''s Playlist 3020', 'unlisted'),
(3021, 1491, 'user1491''s Playlist 3021', 'unlisted'),
(3022, 1492, 'user1492''s Playlist 3022', 'private'),
(3023, 1492, 'user1492''s Playlist 3023', 'private'),
(3024, 1493, 'user1493''s Playlist 3024', 'unlisted'),
(3025, 1493, 'user1493''s Playlist 3025', 'private'),
(3026, 1494, 'user1494''s Playlist 3026', 'public'),
(3027, 1494, 'user1494''s Playlist 3027', 'unlisted'),
(3028, 1495, 'user1495''s Playlist 3028', 'private'),
(3029, 1495, 'user1495''s Playlist 3029', 'public'),
(3030, 1496, 'user1496''s Playlist 3030', 'private'),
(3031, 1496, 'user1496''s Playlist 3031', 'private'),
(3032, 1497, 'user1497''s Playlist 3032', 'unlisted'),
(3033, 1498, 'user1498''s Playlist 3033', 'unlisted'),
(3034, 1499, 'user1499''s Playlist 3034', 'public');

-- user_favorite_song
INSERT INTO user_favorite_song (uid, sid) VALUES
(1000, 'SNG00157'),
(1000, 'SNG00201'),
(1000, 'SNG00303'),
(1000, 'SNG00338'),
(1000, 'SNG00428'),
(1000, 'SNG00594'),
(1000, 'SNG00738'),
(1001, 'SNG00236'),
(1001, 'SNG00252'),
(1001, 'SNG00264'),
(1001, 'SNG00346'),
(1001, 'SNG00389'),
(1001, 'SNG00512'),
(1001, 'SNG00564'),
(1001, 'SNG00584'),
(1001, 'SNG00671'),
(1001, 'SNG00702'),
(1001, 'SNG00854'),
(1001, 'SNG00967'),
(1002, 'SNG00173'),
(1002, 'SNG00472'),
(1002, 'SNG00503'),
(1002, 'SNG00658'),
(1002, 'SNG00741'),
(1002, 'SNG00751'),
(1002, 'SNG00758'),
(1002, 'SNG00815'),
(1003, 'SNG00144'),
(1003, 'SNG00174'),
(1003, 'SNG00361'),
(1003, 'SNG00560'),
(1003, 'SNG00738'),
(1004, 'SNG00556'),
(1004, 'SNG00658'),
(1004, 'SNG00981'),
(1005, 'SNG00035'),
(1005, 'SNG00061'),
(1005, 'SNG00077'),
(1005, 'SNG00537'),
(1005, 'SNG00838'),
(1005, 'SNG00860'),
(1005, 'SNG00868'),
(1005, 'SNG00968'),
(1006, 'SNG00070'),
(1006, 'SNG00141'),
(1006, 'SNG00237'),
(1006, 'SNG00423'),
(1006, 'SNG00646'),
(1006, 'SNG00863'),
(1007, 'SNG00010'),
(1007, 'SNG00155'),
(1007, 'SNG00224'),
(1007, 'SNG00518'),
(1007, 'SNG00725'),
(1008, 'SNG00495'),
(1008, 'SNG00632'),
(1008, 'SNG00654'),
(1008, 'SNG00676'),
(1008, 'SNG00683'),
(1008, 'SNG00935'),
(1008, 'SNG00957'),
(1009, 'SNG00007'),
(1009, 'SNG00013'),
(1009, 'SNG00017'),
(1009, 'SNG00018'),
(1009, 'SNG00422'),
(1009, 'SNG00500'),
(1009, 'SNG00545'),
(1009, 'SNG00565'),
(1010, 'SNG00018'),
(1010, 'SNG00294'),
(1010, 'SNG00515'),
(1010, 'SNG00691'),
(1010, 'SNG00715'),
(1010, 'SNG00833'),
(1011, 'SNG00110'),
(1011, 'SNG00184'),
(1011, 'SNG00441'),
(1011, 'SNG00826'),
(1011, 'SNG00932'),
(1011, 'SNG00941'),
(1011, 'SNG00963'),
(1012, 'SNG00197'),
(1012, 'SNG00259'),
(1012, 'SNG00274'),
(1012, 'SNG00363'),
(1012, 'SNG00540'),
(1012, 'SNG00635'),
(1012, 'SNG00815'),
(1012, 'SNG00835'),
(1013, 'SNG00081'),
(1013, 'SNG00250'),
(1013, 'SNG00383'),
(1013, 'SNG00407'),
(1013, 'SNG00416'),
(1013, 'SNG00471'),
(1013, 'SNG00579'),
(1013, 'SNG00983'),
(1014, 'SNG00033'),
(1014, 'SNG00083'),
(1014, 'SNG00666'),
(1014, 'SNG00670'),
(1014, 'SNG00701'),
(1014, 'SNG00778'),
(1014, 'SNG00848'),
(1014, 'SNG00869'),
(1014, 'SNG00879'),
(1015, 'SNG00058'),
(1015, 'SNG00096'),
(1015, 'SNG00387'),
(1015, 'SNG00389'),
(1015, 'SNG00416'),
(1015, 'SNG00488'),
(1015, 'SNG00566'),
(1016, 'SNG00085'),
(1016, 'SNG00445'),
(1016, 'SNG00512'),
(1016, 'SNG00661'),
(1016, 'SNG00866'),
(1017, 'SNG00340'),
(1017, 'SNG00580'),
(1017, 'SNG00804'),
(1017, 'SNG00879'),
(1017, 'SNG00998'),
(1018, 'SNG00044'),
(1018, 'SNG00217'),
(1018, 'SNG00236'),
(1018, 'SNG00278'),
(1018, 'SNG00487'),
(1018, 'SNG00581'),
(1018, 'SNG00709'),
(1018, 'SNG00889'),
(1018, 'SNG00909'),
(1018, 'SNG00923'),
(1019, 'SNG00048'),
(1019, 'SNG00077'),
(1019, 'SNG00288'),
(1019, 'SNG00557'),
(1019, 'SNG00578'),
(1019, 'SNG00701'),
(1019, 'SNG00921'),
(1019, 'SNG00947'),
(1019, 'SNG00948'),
(1020, 'SNG00017'),
(1020, 'SNG00148'),
(1020, 'SNG00213'),
(1020, 'SNG00323'),
(1020, 'SNG00602'),
(1020, 'SNG00871'),
(1020, 'SNG00985'),
(1021, 'SNG00408'),
(1021, 'SNG00730'),
(1021, 'SNG00771'),
(1021, 'SNG00841'),
(1021, 'SNG00952'),
(1022, 'SNG00247'),
(1022, 'SNG00340'),
(1022, 'SNG00399'),
(1022, 'SNG00554'),
(1022, 'SNG00581'),
(1022, 'SNG00694'),
(1022, 'SNG00855'),
(1022, 'SNG00870'),
(1022, 'SNG00919'),
(1023, 'SNG00081'),
(1023, 'SNG00144'),
(1023, 'SNG00394'),
(1023, 'SNG00706'),
(1023, 'SNG00742'),
(1023, 'SNG00758'),
(1023, 'SNG00774'),
(1023, 'SNG00810'),
(1024, 'SNG00055'),
(1024, 'SNG00101'),
(1025, 'SNG00078'),
(1025, 'SNG00238'),
(1025, 'SNG00349'),
(1025, 'SNG00448'),
(1025, 'SNG00620'),
(1025, 'SNG00788'),
(1025, 'SNG00859'),
(1026, 'SNG00031'),
(1026, 'SNG00335'),
(1026, 'SNG00650'),
(1026, 'SNG00793'),
(1026, 'SNG00993'),
(1027, 'SNG00234'),
(1027, 'SNG00280'),
(1027, 'SNG00365'),
(1027, 'SNG00462'),
(1027, 'SNG00503'),
(1027, 'SNG00803'),
(1028, 'SNG00088'),
(1028, 'SNG00191'),
(1028, 'SNG00390'),
(1028, 'SNG00600'),
(1028, 'SNG00677'),
(1028, 'SNG00697'),
(1029, 'SNG00076'),
(1029, 'SNG00253'),
(1029, 'SNG00303'),
(1029, 'SNG00634'),
(1029, 'SNG00731'),
(1029, 'SNG00791'),
(1029, 'SNG00818'),
(1030, 'SNG00110'),
(1030, 'SNG00158'),
(1030, 'SNG00325'),
(1030, 'SNG00370'),
(1030, 'SNG00399'),
(1030, 'SNG00650'),
(1030, 'SNG00729'),
(1030, 'SNG00758'),
(1030, 'SNG00803'),
(1031, 'SNG00006'),
(1031, 'SNG00094'),
(1031, 'SNG00277'),
(1031, 'SNG00316'),
(1031, 'SNG00369'),
(1031, 'SNG00456'),
(1031, 'SNG00780'),
(1031, 'SNG00966'),
(1032, 'SNG00027'),
(1032, 'SNG00106'),
(1032, 'SNG00418'),
(1032, 'SNG00442'),
(1032, 'SNG00460'),
(1032, 'SNG00525'),
(1032, 'SNG00569'),
(1032, 'SNG00571'),
(1033, 'SNG00092'),
(1033, 'SNG00096'),
(1033, 'SNG00333'),
(1033, 'SNG00363'),
(1033, 'SNG00568'),
(1033, 'SNG00612'),
(1033, 'SNG00613'),
(1033, 'SNG00804'),
(1034, 'SNG00087'),
(1034, 'SNG00398'),
(1034, 'SNG00424'),
(1034, 'SNG00573'),
(1034, 'SNG00743'),
(1034, 'SNG00798'),
(1034, 'SNG00923'),
(1034, 'SNG00927'),
(1035, 'SNG00174'),
(1035, 'SNG00249'),
(1035, 'SNG00390'),
(1035, 'SNG00534'),
(1035, 'SNG00586'),
(1035, 'SNG00702'),
(1036, 'SNG00065'),
(1036, 'SNG00150'),
(1036, 'SNG00172'),
(1036, 'SNG00283'),
(1036, 'SNG00307'),
(1036, 'SNG00432'),
(1036, 'SNG00446'),
(1036, 'SNG00496'),
(1036, 'SNG00505'),
(1037, 'SNG00079'),
(1037, 'SNG00253'),
(1037, 'SNG00258'),
(1037, 'SNG00370'),
(1037, 'SNG00508'),
(1037, 'SNG00641'),
(1037, 'SNG00739'),
(1037, 'SNG00802'),
(1037, 'SNG00967'),
(1038, 'SNG00007'),
(1038, 'SNG00110'),
(1038, 'SNG00139'),
(1038, 'SNG00312'),
(1038, 'SNG00406'),
(1038, 'SNG00972'),
(1039, 'SNG00338'),
(1039, 'SNG00341'),
(1039, 'SNG00390'),
(1039, 'SNG00636'),
(1039, 'SNG00824'),
(1039, 'SNG00862'),
(1039, 'SNG00883'),
(1040, 'SNG00140'),
(1040, 'SNG00609'),
(1040, 'SNG00667'),
(1040, 'SNG00844'),
(1040, 'SNG00881'),
(1040, 'SNG00998'),
(1041, 'SNG00206'),
(1041, 'SNG00308'),
(1041, 'SNG00322'),
(1041, 'SNG00329'),
(1041, 'SNG00491'),
(1041, 'SNG00618'),
(1041, 'SNG00712'),
(1041, 'SNG00971'),
(1042, 'SNG00299'),
(1042, 'SNG00327'),
(1042, 'SNG00503'),
(1042, 'SNG00590'),
(1042, 'SNG00649'),
(1042, 'SNG00712'),
(1042, 'SNG00753'),
(1042, 'SNG00991'),
(1043, 'SNG00249'),
(1043, 'SNG00288'),
(1043, 'SNG00334'),
(1043, 'SNG00374'),
(1043, 'SNG00386'),
(1043, 'SNG00403'),
(1043, 'SNG00801'),
(1043, 'SNG00805'),
(1043, 'SNG00837'),
(1044, 'SNG00028'),
(1044, 'SNG00185'),
(1044, 'SNG00559'),
(1044, 'SNG00564'),
(1044, 'SNG00607'),
(1044, 'SNG00699'),
(1044, 'SNG00745'),
(1044, 'SNG00787'),
(1044, 'SNG00976'),
(1045, 'SNG00215'),
(1045, 'SNG00299'),
(1045, 'SNG00449'),
(1045, 'SNG00473'),
(1045, 'SNG00710'),
(1045, 'SNG00726'),
(1045, 'SNG00817'),
(1045, 'SNG00852'),
(1045, 'SNG00966'),
(1046, 'SNG00143'),
(1046, 'SNG00158'),
(1046, 'SNG00248'),
(1046, 'SNG00259'),
(1046, 'SNG00311'),
(1046, 'SNG00419'),
(1046, 'SNG00512'),
(1046, 'SNG00649'),
(1046, 'SNG00675'),
(1046, 'SNG00690'),
(1046, 'SNG00815'),
(1047, 'SNG00076'),
(1047, 'SNG00387'),
(1047, 'SNG00434'),
(1047, 'SNG00460'),
(1047, 'SNG00491'),
(1047, 'SNG00597'),
(1047, 'SNG00613'),
(1047, 'SNG00733'),
(1047, 'SNG00809'),
(1048, 'SNG00038'),
(1048, 'SNG00429'),
(1048, 'SNG00557'),
(1048, 'SNG00709'),
(1048, 'SNG00891'),
(1048, 'SNG00943'),
(1049, 'SNG00369'),
(1049, 'SNG00550'),
(1049, 'SNG00609'),
(1049, 'SNG00654'),
(1049, 'SNG00719'),
(1049, 'SNG00810'),
(1049, 'SNG00832'),
(1049, 'SNG00917'),
(1049, 'SNG00992'),
(1050, 'SNG00046'),
(1050, 'SNG00171'),
(1050, 'SNG00255'),
(1050, 'SNG00364'),
(1050, 'SNG00628'),
(1050, 'SNG00663'),
(1050, 'SNG00674'),
(1050, 'SNG00681'),
(1051, 'SNG00410'),
(1051, 'SNG00577'),
(1051, 'SNG00661'),
(1051, 'SNG00663'),
(1051, 'SNG00694'),
(1051, 'SNG00771'),
(1051, 'SNG00991'),
(1052, 'SNG00011'),
(1052, 'SNG00101'),
(1052, 'SNG00109'),
(1052, 'SNG00228'),
(1052, 'SNG00265'),
(1052, 'SNG00523'),
(1053, 'SNG00227'),
(1053, 'SNG00384'),
(1053, 'SNG00401'),
(1053, 'SNG00457'),
(1053, 'SNG00475'),
(1053, 'SNG00532'),
(1053, 'SNG00572'),
(1053, 'SNG00590'),
(1053, 'SNG00595'),
(1053, 'SNG00705'),
(1053, 'SNG00765'),
(1054, 'SNG00026'),
(1054, 'SNG00108'),
(1054, 'SNG00155'),
(1054, 'SNG00303'),
(1054, 'SNG00354'),
(1054, 'SNG00426'),
(1054, 'SNG00495'),
(1054, 'SNG00513'),
(1055, 'SNG00088'),
(1055, 'SNG00119'),
(1055, 'SNG00852'),
(1055, 'SNG00943'),
(1055, 'SNG00985'),
(1056, 'SNG00212'),
(1056, 'SNG00320'),
(1056, 'SNG00352'),
(1056, 'SNG00357'),
(1056, 'SNG00467'),
(1056, 'SNG00488'),
(1056, 'SNG00495'),
(1056, 'SNG00534'),
(1056, 'SNG00804'),
(1057, 'SNG00069'),
(1057, 'SNG00100'),
(1057, 'SNG00327'),
(1057, 'SNG00449'),
(1057, 'SNG00464'),
(1057, 'SNG00714'),
(1057, 'SNG00740'),
(1058, 'SNG00024'),
(1058, 'SNG00112'),
(1058, 'SNG00118'),
(1058, 'SNG00352'),
(1058, 'SNG00664'),
(1058, 'SNG00870'),
(1059, 'SNG00164'),
(1059, 'SNG00169'),
(1059, 'SNG00179'),
(1059, 'SNG00250'),
(1059, 'SNG00339'),
(1059, 'SNG00529'),
(1059, 'SNG00566'),
(1059, 'SNG00694'),
(1059, 'SNG00759'),
(1059, 'SNG00820'),
(1059, 'SNG00953'),
(1060, 'SNG00238'),
(1060, 'SNG00415'),
(1060, 'SNG00817'),
(1061, 'SNG00189'),
(1061, 'SNG00191'),
(1061, 'SNG00443'),
(1061, 'SNG00645'),
(1061, 'SNG00656'),
(1061, 'SNG00674'),
(1062, 'SNG00203'),
(1062, 'SNG00440'),
(1062, 'SNG00461'),
(1062, 'SNG00607'),
(1062, 'SNG00905'),
(1063, 'SNG00005'),
(1063, 'SNG00211'),
(1063, 'SNG00220'),
(1063, 'SNG00286'),
(1063, 'SNG00399'),
(1063, 'SNG00721'),
(1063, 'SNG00722'),
(1063, 'SNG00771'),
(1063, 'SNG00829'),
(1064, 'SNG00192'),
(1064, 'SNG00202'),
(1064, 'SNG00334'),
(1064, 'SNG00375'),
(1064, 'SNG00469'),
(1064, 'SNG00550'),
(1064, 'SNG00819'),
(1064, 'SNG00893'),
(1065, 'SNG00117'),
(1065, 'SNG00269'),
(1065, 'SNG00502'),
(1065, 'SNG00687'),
(1065, 'SNG00884'),
(1066, 'SNG00398'),
(1066, 'SNG00402'),
(1066, 'SNG00602'),
(1066, 'SNG00612'),
(1066, 'SNG00626'),
(1067, 'SNG00117'),
(1067, 'SNG00177'),
(1067, 'SNG00357'),
(1067, 'SNG00361'),
(1067, 'SNG00469'),
(1067, 'SNG00633'),
(1067, 'SNG00866'),
(1068, 'SNG00087'),
(1068, 'SNG00121'),
(1068, 'SNG00138'),
(1068, 'SNG00305'),
(1068, 'SNG00321'),
(1068, 'SNG00605'),
(1068, 'SNG00630'),
(1068, 'SNG00689'),
(1068, 'SNG00941'),
(1069, 'SNG00120'),
(1069, 'SNG00188'),
(1069, 'SNG00245'),
(1069, 'SNG00313'),
(1069, 'SNG00383'),
(1070, 'SNG00142'),
(1070, 'SNG00191'),
(1070, 'SNG00393'),
(1070, 'SNG00429'),
(1070, 'SNG00434'),
(1070, 'SNG00589'),
(1070, 'SNG00611'),
(1071, 'SNG00499'),
(1071, 'SNG00551'),
(1071, 'SNG00651'),
(1071, 'SNG00711'),
(1071, 'SNG00942'),
(1072, 'SNG00171'),
(1072, 'SNG00569'),
(1073, 'SNG00502'),
(1074, 'SNG00055'),
(1074, 'SNG00368'),
(1074, 'SNG00462'),
(1074, 'SNG00635'),
(1074, 'SNG00863'),
(1074, 'SNG00887'),
(1074, 'SNG00975'),
(1075, 'SNG00010'),
(1075, 'SNG00140'),
(1075, 'SNG00200'),
(1075, 'SNG00394'),
(1075, 'SNG00497'),
(1075, 'SNG00518'),
(1075, 'SNG00576'),
(1075, 'SNG00835'),
(1075, 'SNG00987'),
(1076, 'SNG00426'),
(1076, 'SNG00455'),
(1076, 'SNG00501'),
(1076, 'SNG00504'),
(1076, 'SNG00728'),
(1076, 'SNG00861'),
(1077, 'SNG00032'),
(1077, 'SNG00085'),
(1077, 'SNG00172'),
(1077, 'SNG00579'),
(1077, 'SNG00780'),
(1077, 'SNG00815'),
(1078, 'SNG00173'),
(1078, 'SNG00231'),
(1078, 'SNG00296'),
(1078, 'SNG00469'),
(1078, 'SNG00551'),
(1078, 'SNG00580'),
(1078, 'SNG00761'),
(1078, 'SNG00800'),
(1079, 'SNG00116'),
(1079, 'SNG00117'),
(1079, 'SNG00508'),
(1079, 'SNG00524'),
(1079, 'SNG00563'),
(1079, 'SNG00587'),
(1079, 'SNG00785'),
(1079, 'SNG00792'),
(1080, 'SNG00043'),
(1080, 'SNG00376'),
(1080, 'SNG00556'),
(1080, 'SNG00737'),
(1080, 'SNG00775'),
(1080, 'SNG00779'),
(1080, 'SNG00843'),
(1081, 'SNG00105'),
(1081, 'SNG00224'),
(1081, 'SNG00254'),
(1081, 'SNG00436'),
(1081, 'SNG00452'),
(1081, 'SNG00560'),
(1081, 'SNG00670'),
(1081, 'SNG00754'),
(1081, 'SNG00770'),
(1081, 'SNG00850'),
(1082, 'SNG00270'),
(1082, 'SNG00357'),
(1082, 'SNG00461'),
(1082, 'SNG00837'),
(1082, 'SNG00883'),
(1083, 'SNG00090'),
(1083, 'SNG00121'),
(1083, 'SNG00215'),
(1083, 'SNG00243'),
(1083, 'SNG00360'),
(1083, 'SNG00450'),
(1083, 'SNG00603'),
(1083, 'SNG00706'),
(1083, 'SNG00728'),
(1083, 'SNG00756'),
(1083, 'SNG00795'),
(1083, 'SNG00831'),
(1083, 'SNG00832'),
(1083, 'SNG00882'),
(1083, 'SNG00887'),
(1084, 'SNG00143'),
(1084, 'SNG00212'),
(1084, 'SNG00631'),
(1084, 'SNG00804'),
(1084, 'SNG00834'),
(1085, 'SNG00061'),
(1085, 'SNG00288'),
(1085, 'SNG00360'),
(1085, 'SNG00546'),
(1085, 'SNG00584'),
(1085, 'SNG00825'),
(1086, 'SNG00274'),
(1086, 'SNG00297'),
(1086, 'SNG00300'),
(1086, 'SNG00587'),
(1086, 'SNG00721'),
(1086, 'SNG00879'),
(1086, 'SNG00976'),
(1087, 'SNG00098'),
(1087, 'SNG00139'),
(1087, 'SNG00527'),
(1087, 'SNG00696'),
(1087, 'SNG00835'),
(1087, 'SNG00922'),
(1087, 'SNG00986'),
(1088, 'SNG00061'),
(1088, 'SNG00130'),
(1088, 'SNG00136'),
(1088, 'SNG00284'),
(1088, 'SNG00672'),
(1088, 'SNG00719'),
(1088, 'SNG00887'),
(1088, 'SNG00888'),
(1089, 'SNG00150'),
(1089, 'SNG00256'),
(1089, 'SNG00330'),
(1089, 'SNG00729'),
(1089, 'SNG00849'),
(1090, 'SNG00146'),
(1090, 'SNG00276'),
(1090, 'SNG00403'),
(1090, 'SNG00425'),
(1090, 'SNG00502'),
(1090, 'SNG00592'),
(1090, 'SNG00643'),
(1090, 'SNG00648'),
(1091, 'SNG00078'),
(1091, 'SNG00096'),
(1091, 'SNG00385'),
(1091, 'SNG00413'),
(1091, 'SNG00463'),
(1091, 'SNG00528'),
(1091, 'SNG00649'),
(1091, 'SNG00768'),
(1091, 'SNG00788'),
(1091, 'SNG00814'),
(1091, 'SNG00902'),
(1092, 'SNG00003'),
(1092, 'SNG00336'),
(1092, 'SNG00378'),
(1092, 'SNG00466'),
(1092, 'SNG00500'),
(1092, 'SNG00596'),
(1092, 'SNG00974'),
(1093, 'SNG00096'),
(1093, 'SNG00367'),
(1093, 'SNG00470'),
(1093, 'SNG00651'),
(1093, 'SNG00681'),
(1093, 'SNG00715'),
(1093, 'SNG00749'),
(1093, 'SNG00751'),
(1093, 'SNG00793'),
(1093, 'SNG00868'),
(1093, 'SNG00890'),
(1093, 'SNG00996'),
(1094, 'SNG00217'),
(1094, 'SNG00224'),
(1094, 'SNG00275'),
(1094, 'SNG00331'),
(1094, 'SNG00408'),
(1094, 'SNG00440'),
(1094, 'SNG00507'),
(1094, 'SNG00845'),
(1094, 'SNG00849'),
(1094, 'SNG00992'),
(1095, 'SNG00134'),
(1095, 'SNG00291'),
(1095, 'SNG00346'),
(1095, 'SNG00561'),
(1095, 'SNG00592'),
(1096, 'SNG00050'),
(1096, 'SNG00352'),
(1096, 'SNG00699'),
(1096, 'SNG00781'),
(1096, 'SNG00916'),
(1097, 'SNG00017'),
(1097, 'SNG00048'),
(1097, 'SNG00102'),
(1097, 'SNG00471'),
(1097, 'SNG00642'),
(1097, 'SNG00803'),
(1097, 'SNG00857'),
(1098, 'SNG00001'),
(1098, 'SNG00136'),
(1098, 'SNG00208'),
(1098, 'SNG00439'),
(1098, 'SNG00452'),
(1098, 'SNG00468'),
(1098, 'SNG00706'),
(1098, 'SNG00904'),
(1098, 'SNG00932'),
(1098, 'SNG00982'),
(1099, 'SNG00096'),
(1099, 'SNG00163'),
(1099, 'SNG00281'),
(1099, 'SNG00310'),
(1099, 'SNG00370'),
(1099, 'SNG00666'),
(1099, 'SNG00671'),
(1099, 'SNG00896'),
(1099, 'SNG00898'),
(1099, 'SNG00956'),
(1100, 'SNG00054'),
(1100, 'SNG00170'),
(1100, 'SNG00313'),
(1100, 'SNG00406'),
(1100, 'SNG00641'),
(1100, 'SNG00665'),
(1100, 'SNG00926'),
(1101, 'SNG00094'),
(1101, 'SNG00098'),
(1101, 'SNG00240'),
(1101, 'SNG00440'),
(1101, 'SNG00672'),
(1101, 'SNG00717'),
(1101, 'SNG00721'),
(1101, 'SNG00744'),
(1101, 'SNG00774'),
(1102, 'SNG00009'),
(1102, 'SNG00010'),
(1102, 'SNG00136'),
(1102, 'SNG00232'),
(1102, 'SNG00352'),
(1102, 'SNG00456'),
(1102, 'SNG00532'),
(1102, 'SNG00608'),
(1102, 'SNG00697'),
(1102, 'SNG00713'),
(1103, 'SNG00073'),
(1103, 'SNG00124'),
(1103, 'SNG00136'),
(1103, 'SNG00433'),
(1103, 'SNG00490'),
(1103, 'SNG00711'),
(1103, 'SNG00837'),
(1103, 'SNG00881'),
(1104, 'SNG00105'),
(1104, 'SNG00106'),
(1104, 'SNG00141'),
(1104, 'SNG00307'),
(1104, 'SNG00321'),
(1104, 'SNG00377'),
(1104, 'SNG00826'),
(1104, 'SNG00903'),
(1105, 'SNG00137'),
(1105, 'SNG00392'),
(1105, 'SNG00657'),
(1105, 'SNG00694'),
(1105, 'SNG00772'),
(1105, 'SNG00793'),
(1105, 'SNG00833'),
(1105, 'SNG00896'),
(1106, 'SNG00009'),
(1106, 'SNG00169'),
(1106, 'SNG00219'),
(1106, 'SNG00360'),
(1106, 'SNG00451'),
(1106, 'SNG00625'),
(1106, 'SNG00644'),
(1106, 'SNG00666'),
(1106, 'SNG00740'),
(1107, 'SNG00156'),
(1107, 'SNG00223'),
(1107, 'SNG00422'),
(1107, 'SNG00454'),
(1107, 'SNG00631'),
(1107, 'SNG00704'),
(1107, 'SNG00767'),
(1107, 'SNG00881'),
(1107, 'SNG00942'),
(1108, 'SNG00127'),
(1108, 'SNG00360'),
(1108, 'SNG00394'),
(1108, 'SNG00440'),
(1108, 'SNG00604'),
(1108, 'SNG00748'),
(1108, 'SNG00771'),
(1108, 'SNG00987'),
(1109, 'SNG00087'),
(1109, 'SNG00144'),
(1109, 'SNG00254'),
(1109, 'SNG00255'),
(1109, 'SNG00284'),
(1109, 'SNG00323'),
(1109, 'SNG00661'),
(1109, 'SNG00811'),
(1110, 'SNG00292'),
(1110, 'SNG00623'),
(1110, 'SNG00708'),
(1110, 'SNG00798'),
(1110, 'SNG00964'),
(1111, 'SNG00028'),
(1111, 'SNG00211'),
(1111, 'SNG00309'),
(1111, 'SNG00675'),
(1111, 'SNG00868'),
(1111, 'SNG00869'),
(1111, 'SNG00897'),
(1112, 'SNG00056'),
(1112, 'SNG00303'),
(1112, 'SNG00402'),
(1112, 'SNG00662'),
(1112, 'SNG00766'),
(1113, 'SNG00246'),
(1113, 'SNG00396'),
(1113, 'SNG00507'),
(1113, 'SNG00803'),
(1113, 'SNG00813'),
(1113, 'SNG00920'),
(1113, 'SNG00978'),
(1114, 'SNG00013'),
(1114, 'SNG00073'),
(1114, 'SNG00136'),
(1114, 'SNG00325'),
(1114, 'SNG00370'),
(1114, 'SNG00541'),
(1114, 'SNG00609'),
(1114, 'SNG00911'),
(1114, 'SNG00957'),
(1115, 'SNG00177'),
(1115, 'SNG00375'),
(1115, 'SNG00397'),
(1115, 'SNG00431'),
(1115, 'SNG00560'),
(1115, 'SNG00583'),
(1115, 'SNG00700'),
(1115, 'SNG00860'),
(1115, 'SNG00882'),
(1116, 'SNG00015'),
(1116, 'SNG00018'),
(1116, 'SNG00070'),
(1116, 'SNG00075'),
(1116, 'SNG00221'),
(1116, 'SNG00269'),
(1116, 'SNG00602'),
(1116, 'SNG00789'),
(1117, 'SNG00041'),
(1117, 'SNG00062'),
(1117, 'SNG00945'),
(1118, 'SNG00294'),
(1118, 'SNG00412'),
(1118, 'SNG00426'),
(1118, 'SNG00434'),
(1118, 'SNG00514'),
(1118, 'SNG00644'),
(1118, 'SNG00719'),
(1118, 'SNG00730'),
(1118, 'SNG00786'),
(1119, 'SNG00085'),
(1119, 'SNG00157'),
(1119, 'SNG00285'),
(1119, 'SNG00550'),
(1119, 'SNG00551'),
(1119, 'SNG00631'),
(1119, 'SNG00656'),
(1120, 'SNG00160'),
(1120, 'SNG00209'),
(1120, 'SNG00335'),
(1120, 'SNG00401'),
(1120, 'SNG00550'),
(1120, 'SNG00828'),
(1120, 'SNG00944'),
(1120, 'SNG00998'),
(1121, 'SNG00068'),
(1121, 'SNG00601'),
(1121, 'SNG00650'),
(1121, 'SNG00659'),
(1121, 'SNG00666'),
(1121, 'SNG00698'),
(1121, 'SNG00782'),
(1121, 'SNG00855'),
(1122, 'SNG00060'),
(1122, 'SNG00089'),
(1122, 'SNG00245'),
(1122, 'SNG00251'),
(1122, 'SNG00867'),
(1122, 'SNG00947'),
(1122, 'SNG00977'),
(1123, 'SNG00057'),
(1123, 'SNG00119'),
(1123, 'SNG00317'),
(1123, 'SNG00445'),
(1123, 'SNG00465'),
(1123, 'SNG00624'),
(1123, 'SNG00627'),
(1123, 'SNG00683'),
(1123, 'SNG00760'),
(1124, 'SNG00012'),
(1124, 'SNG00013'),
(1124, 'SNG00141'),
(1124, 'SNG00168'),
(1124, 'SNG00509'),
(1124, 'SNG00719'),
(1124, 'SNG00725'),
(1125, 'SNG00356'),
(1125, 'SNG00530'),
(1125, 'SNG00536'),
(1125, 'SNG00802'),
(1125, 'SNG00843'),
(1125, 'SNG00976'),
(1126, 'SNG00130'),
(1126, 'SNG00276'),
(1126, 'SNG00751'),
(1126, 'SNG00768'),
(1126, 'SNG00800'),
(1126, 'SNG00895'),
(1126, 'SNG00908'),
(1127, 'SNG00031'),
(1127, 'SNG00121'),
(1127, 'SNG00344'),
(1127, 'SNG00790'),
(1127, 'SNG00827'),
(1127, 'SNG00922'),
(1128, 'SNG00270'),
(1128, 'SNG00591'),
(1128, 'SNG00643'),
(1128, 'SNG00730'),
(1128, 'SNG00999'),
(1129, 'SNG00057'),
(1129, 'SNG00079'),
(1129, 'SNG00369'),
(1129, 'SNG00467'),
(1129, 'SNG00509'),
(1129, 'SNG00512'),
(1129, 'SNG00524'),
(1129, 'SNG00581'),
(1129, 'SNG00880'),
(1130, 'SNG00106'),
(1130, 'SNG00119'),
(1130, 'SNG00234'),
(1130, 'SNG00588'),
(1130, 'SNG00691'),
(1130, 'SNG00741'),
(1130, 'SNG00792'),
(1130, 'SNG00916'),
(1131, 'SNG00003'),
(1131, 'SNG00013'),
(1131, 'SNG00046'),
(1131, 'SNG00048'),
(1131, 'SNG00251'),
(1131, 'SNG00522'),
(1131, 'SNG00759'),
(1131, 'SNG00880'),
(1131, 'SNG00884'),
(1132, 'SNG00037'),
(1132, 'SNG00154'),
(1132, 'SNG00184'),
(1132, 'SNG00879'),
(1132, 'SNG00954'),
(1132, 'SNG00984'),
(1133, 'SNG00230'),
(1133, 'SNG00430'),
(1133, 'SNG00567'),
(1133, 'SNG00672'),
(1133, 'SNG00732'),
(1133, 'SNG00759'),
(1133, 'SNG00823'),
(1133, 'SNG00936'),
(1134, 'SNG00080'),
(1134, 'SNG00278'),
(1134, 'SNG00328'),
(1134, 'SNG00382'),
(1134, 'SNG00586'),
(1134, 'SNG00738'),
(1134, 'SNG00846'),
(1135, 'SNG00054'),
(1135, 'SNG00123'),
(1135, 'SNG00184'),
(1135, 'SNG00229'),
(1135, 'SNG00515'),
(1135, 'SNG00529'),
(1135, 'SNG00690'),
(1135, 'SNG00824'),
(1135, 'SNG00924'),
(1136, 'SNG00071'),
(1136, 'SNG00089'),
(1136, 'SNG00290'),
(1136, 'SNG00319'),
(1136, 'SNG00336'),
(1136, 'SNG00468'),
(1136, 'SNG00477'),
(1136, 'SNG00567'),
(1136, 'SNG00793'),
(1136, 'SNG00866'),
(1136, 'SNG00887'),
(1136, 'SNG00899'),
(1137, 'SNG00009'),
(1137, 'SNG00206'),
(1137, 'SNG00299'),
(1137, 'SNG00312'),
(1137, 'SNG00378'),
(1137, 'SNG00578'),
(1137, 'SNG00804'),
(1138, 'SNG00201'),
(1138, 'SNG00378'),
(1138, 'SNG00506'),
(1138, 'SNG00606'),
(1138, 'SNG00792'),
(1138, 'SNG00795'),
(1138, 'SNG00996'),
(1139, 'SNG00252'),
(1139, 'SNG00560'),
(1139, 'SNG00751'),
(1139, 'SNG00779'),
(1139, 'SNG00816'),
(1139, 'SNG00923'),
(1140, 'SNG00010'),
(1140, 'SNG00025'),
(1140, 'SNG00239'),
(1140, 'SNG00355'),
(1140, 'SNG00555'),
(1140, 'SNG00652'),
(1140, 'SNG00711'),
(1140, 'SNG00860'),
(1140, 'SNG00899'),
(1140, 'SNG00974'),
(1141, 'SNG00002'),
(1141, 'SNG00107'),
(1141, 'SNG00211'),
(1141, 'SNG00315'),
(1141, 'SNG00344'),
(1141, 'SNG00386'),
(1141, 'SNG00674'),
(1141, 'SNG00745'),
(1141, 'SNG00756'),
(1141, 'SNG00778'),
(1141, 'SNG00870'),
(1142, 'SNG00062'),
(1142, 'SNG00146'),
(1142, 'SNG00504'),
(1142, 'SNG00729'),
(1142, 'SNG00985'),
(1142, 'SNG00996'),
(1143, 'SNG00045'),
(1143, 'SNG00096'),
(1143, 'SNG00238'),
(1143, 'SNG00287'),
(1143, 'SNG00866'),
(1143, 'SNG00919'),
(1143, 'SNG00944'),
(1144, 'SNG00382'),
(1144, 'SNG00470'),
(1144, 'SNG00766'),
(1144, 'SNG00998'),
(1145, 'SNG00087'),
(1145, 'SNG00098'),
(1145, 'SNG00137'),
(1145, 'SNG00518'),
(1145, 'SNG00595'),
(1145, 'SNG00653'),
(1145, 'SNG00840'),
(1146, 'SNG00064'),
(1146, 'SNG00134'),
(1146, 'SNG00446'),
(1146, 'SNG00679'),
(1146, 'SNG00988'),
(1147, 'SNG00243'),
(1147, 'SNG00268'),
(1147, 'SNG00299'),
(1147, 'SNG00323'),
(1147, 'SNG00403'),
(1147, 'SNG00718'),
(1147, 'SNG00821'),
(1147, 'SNG00872'),
(1147, 'SNG00949'),
(1148, 'SNG00077'),
(1148, 'SNG00140'),
(1148, 'SNG00208'),
(1148, 'SNG00240'),
(1148, 'SNG00279'),
(1148, 'SNG00464'),
(1148, 'SNG00799'),
(1148, 'SNG00967'),
(1149, 'SNG00109'),
(1149, 'SNG00112'),
(1149, 'SNG00160'),
(1149, 'SNG00169'),
(1149, 'SNG00599'),
(1149, 'SNG00789'),
(1150, 'SNG00124'),
(1150, 'SNG00213'),
(1150, 'SNG00367'),
(1150, 'SNG00549'),
(1150, 'SNG00789'),
(1150, 'SNG00988'),
(1151, 'SNG00093'),
(1151, 'SNG00123'),
(1151, 'SNG00162'),
(1151, 'SNG00272'),
(1151, 'SNG00316'),
(1151, 'SNG00463'),
(1151, 'SNG00475'),
(1151, 'SNG00873'),
(1152, 'SNG00042'),
(1152, 'SNG00221'),
(1152, 'SNG00336'),
(1152, 'SNG00618'),
(1152, 'SNG00714'),
(1152, 'SNG00722'),
(1152, 'SNG00856'),
(1152, 'SNG00878'),
(1153, 'SNG00094'),
(1153, 'SNG00152'),
(1153, 'SNG00255'),
(1153, 'SNG00365'),
(1153, 'SNG00729'),
(1153, 'SNG00992'),
(1154, 'SNG00032'),
(1154, 'SNG00179'),
(1154, 'SNG00267'),
(1154, 'SNG00307'),
(1154, 'SNG00415'),
(1154, 'SNG00840'),
(1154, 'SNG00975'),
(1155, 'SNG00097'),
(1155, 'SNG00256'),
(1155, 'SNG00464'),
(1155, 'SNG00474'),
(1155, 'SNG00564'),
(1155, 'SNG00570'),
(1155, 'SNG00767'),
(1155, 'SNG00876'),
(1156, 'SNG00013'),
(1156, 'SNG00064'),
(1156, 'SNG00125'),
(1156, 'SNG00134'),
(1156, 'SNG00203'),
(1156, 'SNG00228'),
(1156, 'SNG00411'),
(1156, 'SNG00800'),
(1156, 'SNG00844'),
(1156, 'SNG00851'),
(1157, 'SNG00087'),
(1157, 'SNG00266'),
(1157, 'SNG00382'),
(1157, 'SNG00597'),
(1157, 'SNG00601'),
(1157, 'SNG00646'),
(1157, 'SNG00661'),
(1157, 'SNG00703'),
(1157, 'SNG00940'),
(1157, 'SNG00961'),
(1158, 'SNG00067'),
(1158, 'SNG00095'),
(1158, 'SNG00132'),
(1158, 'SNG00203'),
(1158, 'SNG00455'),
(1158, 'SNG00662'),
(1158, 'SNG00829'),
(1158, 'SNG00925'),
(1159, 'SNG00044'),
(1159, 'SNG00126'),
(1159, 'SNG00340'),
(1159, 'SNG00829'),
(1159, 'SNG00850'),
(1159, 'SNG00868'),
(1159, 'SNG00927'),
(1160, 'SNG00031'),
(1160, 'SNG00405'),
(1160, 'SNG00444'),
(1160, 'SNG00509'),
(1160, 'SNG00588'),
(1160, 'SNG00742'),
(1160, 'SNG00842'),
(1160, 'SNG00947'),
(1161, 'SNG00177'),
(1161, 'SNG00220'),
(1161, 'SNG00363'),
(1161, 'SNG00392'),
(1161, 'SNG00437'),
(1161, 'SNG00700'),
(1161, 'SNG00931'),
(1162, 'SNG00036'),
(1162, 'SNG00153'),
(1162, 'SNG00252'),
(1162, 'SNG00629'),
(1162, 'SNG00632'),
(1162, 'SNG00635'),
(1162, 'SNG00663'),
(1162, 'SNG00905'),
(1163, 'SNG00063'),
(1163, 'SNG00090'),
(1163, 'SNG00287'),
(1163, 'SNG00303'),
(1163, 'SNG00422'),
(1163, 'SNG00491'),
(1163, 'SNG00511'),
(1163, 'SNG00564'),
(1163, 'SNG00904'),
(1164, 'SNG00256'),
(1164, 'SNG00539'),
(1164, 'SNG00646'),
(1164, 'SNG00659'),
(1164, 'SNG00817'),
(1164, 'SNG00906'),
(1165, 'SNG00020'),
(1165, 'SNG00368'),
(1165, 'SNG00392'),
(1165, 'SNG00492'),
(1165, 'SNG00557'),
(1165, 'SNG00731'),
(1165, 'SNG00801'),
(1165, 'SNG00814'),
(1165, 'SNG00822'),
(1166, 'SNG00330'),
(1166, 'SNG00398'),
(1166, 'SNG00515'),
(1166, 'SNG00580'),
(1166, 'SNG00935'),
(1167, 'SNG00027'),
(1167, 'SNG00031'),
(1167, 'SNG00185'),
(1167, 'SNG00225'),
(1167, 'SNG00277'),
(1167, 'SNG00327'),
(1167, 'SNG00612'),
(1168, 'SNG00060'),
(1168, 'SNG00164'),
(1168, 'SNG00239'),
(1168, 'SNG00367'),
(1168, 'SNG00484'),
(1168, 'SNG00543'),
(1168, 'SNG00599'),
(1168, 'SNG00786'),
(1168, 'SNG00829'),
(1168, 'SNG00998'),
(1169, 'SNG00103'),
(1169, 'SNG00247'),
(1169, 'SNG00254'),
(1169, 'SNG00273'),
(1169, 'SNG00673'),
(1170, 'SNG00058'),
(1170, 'SNG00755'),
(1170, 'SNG00783'),
(1170, 'SNG00971'),
(1171, 'SNG00225'),
(1171, 'SNG00364'),
(1171, 'SNG00398'),
(1171, 'SNG00590'),
(1171, 'SNG00817'),
(1171, 'SNG00867'),
(1171, 'SNG00958'),
(1172, 'SNG00181'),
(1172, 'SNG00243'),
(1172, 'SNG00326'),
(1172, 'SNG00368'),
(1172, 'SNG00606'),
(1172, 'SNG00607'),
(1172, 'SNG00715'),
(1172, 'SNG00756'),
(1172, 'SNG00826'),
(1172, 'SNG00936'),
(1173, 'SNG00029'),
(1173, 'SNG00361'),
(1173, 'SNG00718'),
(1173, 'SNG00721'),
(1174, 'SNG00193'),
(1174, 'SNG00317'),
(1174, 'SNG00505'),
(1174, 'SNG00556'),
(1174, 'SNG00577'),
(1174, 'SNG00830'),
(1174, 'SNG00857'),
(1174, 'SNG00903'),
(1174, 'SNG00972'),
(1174, 'SNG00994'),
(1175, 'SNG00039'),
(1175, 'SNG00058'),
(1175, 'SNG00093'),
(1175, 'SNG00180'),
(1175, 'SNG00239'),
(1175, 'SNG00503'),
(1175, 'SNG00617'),
(1176, 'SNG00001'),
(1176, 'SNG00134'),
(1176, 'SNG00207'),
(1176, 'SNG00340'),
(1176, 'SNG00349'),
(1176, 'SNG00629'),
(1176, 'SNG00826'),
(1176, 'SNG00940'),
(1177, 'SNG00023'),
(1177, 'SNG00061'),
(1177, 'SNG00152'),
(1177, 'SNG00182'),
(1177, 'SNG00332'),
(1177, 'SNG00735'),
(1177, 'SNG00822'),
(1177, 'SNG00865'),
(1177, 'SNG00890'),
(1177, 'SNG00941'),
(1178, 'SNG00114'),
(1178, 'SNG00539'),
(1178, 'SNG00793'),
(1178, 'SNG00867'),
(1179, 'SNG00075'),
(1179, 'SNG00374'),
(1179, 'SNG00383'),
(1179, 'SNG00882'),
(1179, 'SNG00984'),
(1180, 'SNG00104'),
(1180, 'SNG00140'),
(1180, 'SNG00310'),
(1180, 'SNG00331'),
(1180, 'SNG00345'),
(1180, 'SNG00601'),
(1180, 'SNG01000'),
(1181, 'SNG00162'),
(1181, 'SNG00448'),
(1181, 'SNG00750'),
(1181, 'SNG00811'),
(1181, 'SNG00972'),
(1182, 'SNG00179'),
(1182, 'SNG00325'),
(1182, 'SNG00576'),
(1182, 'SNG00711'),
(1182, 'SNG00725'),
(1182, 'SNG00992'),
(1183, 'SNG00229'),
(1183, 'SNG00366'),
(1183, 'SNG00629'),
(1183, 'SNG00806'),
(1183, 'SNG00911'),
(1183, 'SNG00952'),
(1184, 'SNG00131'),
(1184, 'SNG00302'),
(1184, 'SNG00315'),
(1184, 'SNG00388'),
(1184, 'SNG00706'),
(1184, 'SNG00752'),
(1185, 'SNG00002'),
(1185, 'SNG00182'),
(1185, 'SNG00747'),
(1185, 'SNG00972'),
(1186, 'SNG00034'),
(1186, 'SNG00187'),
(1186, 'SNG00582'),
(1186, 'SNG00617'),
(1186, 'SNG00790'),
(1186, 'SNG00872'),
(1186, 'SNG00989'),
(1187, 'SNG00326'),
(1187, 'SNG00627'),
(1187, 'SNG00829'),
(1187, 'SNG00944'),
(1187, 'SNG00991'),
(1188, 'SNG00080'),
(1188, 'SNG00145'),
(1188, 'SNG00244'),
(1188, 'SNG00340'),
(1188, 'SNG00356'),
(1188, 'SNG00509'),
(1188, 'SNG00764'),
(1188, 'SNG00960'),
(1189, 'SNG00091'),
(1189, 'SNG00172'),
(1189, 'SNG00328'),
(1189, 'SNG00652'),
(1189, 'SNG00655'),
(1189, 'SNG00687'),
(1189, 'SNG00726'),
(1189, 'SNG00842'),
(1189, 'SNG00907'),
(1189, 'SNG00987'),
(1190, 'SNG00012'),
(1190, 'SNG00070'),
(1190, 'SNG00215'),
(1190, 'SNG00256'),
(1190, 'SNG00272'),
(1190, 'SNG00359'),
(1190, 'SNG00710'),
(1191, 'SNG00002'),
(1191, 'SNG00050'),
(1191, 'SNG00111'),
(1191, 'SNG00263'),
(1191, 'SNG00738'),
(1191, 'SNG00806'),
(1192, 'SNG00171'),
(1192, 'SNG00424'),
(1192, 'SNG00505'),
(1192, 'SNG00906'),
(1192, 'SNG00993'),
(1193, 'SNG00104'),
(1193, 'SNG00360'),
(1193, 'SNG00385'),
(1193, 'SNG00388'),
(1193, 'SNG00491'),
(1193, 'SNG00560'),
(1193, 'SNG00808'),
(1193, 'SNG00849'),
(1193, 'SNG00885'),
(1193, 'SNG00903'),
(1194, 'SNG00076'),
(1194, 'SNG00167'),
(1194, 'SNG00231'),
(1194, 'SNG00463'),
(1194, 'SNG00819'),
(1195, 'SNG00021'),
(1195, 'SNG00035'),
(1195, 'SNG00268'),
(1195, 'SNG00302'),
(1195, 'SNG00327'),
(1195, 'SNG00867'),
(1196, 'SNG00077'),
(1196, 'SNG00165'),
(1196, 'SNG00175'),
(1196, 'SNG00385'),
(1196, 'SNG00561'),
(1196, 'SNG00750'),
(1196, 'SNG00910'),
(1196, 'SNG00965'),
(1197, 'SNG00096'),
(1197, 'SNG00347'),
(1197, 'SNG00495'),
(1197, 'SNG00609'),
(1197, 'SNG00629'),
(1197, 'SNG00915'),
(1197, 'SNG00920'),
(1198, 'SNG00055'),
(1198, 'SNG00161'),
(1198, 'SNG00169'),
(1198, 'SNG00445'),
(1198, 'SNG00622'),
(1198, 'SNG00670'),
(1198, 'SNG00912'),
(1199, 'SNG00104'),
(1199, 'SNG00195'),
(1199, 'SNG00211'),
(1199, 'SNG00340'),
(1199, 'SNG00998'),
(1200, 'SNG00272'),
(1200, 'SNG00554'),
(1200, 'SNG00677'),
(1200, 'SNG00748'),
(1200, 'SNG00948'),
(1201, 'SNG00051'),
(1201, 'SNG00099'),
(1201, 'SNG00244'),
(1201, 'SNG00289'),
(1201, 'SNG00305'),
(1201, 'SNG00403'),
(1201, 'SNG00563'),
(1201, 'SNG00586'),
(1201, 'SNG00861'),
(1202, 'SNG00004'),
(1202, 'SNG00090'),
(1202, 'SNG00302'),
(1202, 'SNG00438'),
(1202, 'SNG00641'),
(1202, 'SNG00678'),
(1202, 'SNG00844'),
(1203, 'SNG00027'),
(1203, 'SNG00100'),
(1203, 'SNG00175'),
(1203, 'SNG00205'),
(1203, 'SNG00212'),
(1203, 'SNG00492'),
(1203, 'SNG00615'),
(1203, 'SNG00654'),
(1204, 'SNG00119'),
(1204, 'SNG00316'),
(1204, 'SNG00408'),
(1204, 'SNG00483'),
(1204, 'SNG00501'),
(1204, 'SNG00804'),
(1204, 'SNG00865'),
(1205, 'SNG00094'),
(1205, 'SNG00190'),
(1205, 'SNG00272'),
(1205, 'SNG00397'),
(1205, 'SNG00558'),
(1205, 'SNG00658'),
(1205, 'SNG00677'),
(1205, 'SNG00917'),
(1206, 'SNG00046'),
(1206, 'SNG00192'),
(1206, 'SNG00270'),
(1206, 'SNG00451'),
(1206, 'SNG00457'),
(1206, 'SNG00477'),
(1207, 'SNG00064'),
(1207, 'SNG00155'),
(1207, 'SNG00232'),
(1207, 'SNG00270'),
(1207, 'SNG00276'),
(1207, 'SNG00578'),
(1207, 'SNG00714'),
(1207, 'SNG00771'),
(1207, 'SNG00858'),
(1208, 'SNG00353'),
(1208, 'SNG00424'),
(1208, 'SNG00555'),
(1208, 'SNG00604'),
(1208, 'SNG00775'),
(1208, 'SNG00828'),
(1208, 'SNG00995'),
(1209, 'SNG00063'),
(1209, 'SNG00233'),
(1209, 'SNG00397'),
(1209, 'SNG00536'),
(1209, 'SNG00567'),
(1209, 'SNG00839'),
(1209, 'SNG00861'),
(1210, 'SNG00487'),
(1210, 'SNG00587'),
(1210, 'SNG00888'),
(1210, 'SNG00903'),
(1210, 'SNG00959'),
(1211, 'SNG00036'),
(1211, 'SNG00081'),
(1211, 'SNG00242'),
(1211, 'SNG00307'),
(1211, 'SNG00405'),
(1211, 'SNG00488'),
(1211, 'SNG00732'),
(1211, 'SNG00875'),
(1211, 'SNG00925'),
(1212, 'SNG00586'),
(1212, 'SNG00694'),
(1212, 'SNG00820'),
(1213, 'SNG00124'),
(1213, 'SNG00151'),
(1213, 'SNG00178'),
(1213, 'SNG00460'),
(1213, 'SNG00636'),
(1213, 'SNG00776'),
(1213, 'SNG00973'),
(1214, 'SNG00044'),
(1214, 'SNG00081'),
(1214, 'SNG00130'),
(1214, 'SNG00198'),
(1214, 'SNG00217'),
(1214, 'SNG00434'),
(1214, 'SNG00446'),
(1214, 'SNG00700'),
(1214, 'SNG00828'),
(1215, 'SNG00152'),
(1215, 'SNG00207'),
(1215, 'SNG00265'),
(1215, 'SNG00610'),
(1215, 'SNG00643'),
(1215, 'SNG00843'),
(1215, 'SNG00855'),
(1216, 'SNG00069'),
(1216, 'SNG00090'),
(1216, 'SNG00398'),
(1216, 'SNG00407'),
(1216, 'SNG00570'),
(1216, 'SNG00827'),
(1217, 'SNG00013'),
(1217, 'SNG00283'),
(1217, 'SNG00334'),
(1217, 'SNG00470'),
(1217, 'SNG00533'),
(1217, 'SNG00566'),
(1217, 'SNG00806'),
(1217, 'SNG00878'),
(1217, 'SNG00895'),
(1217, 'SNG00940'),
(1218, 'SNG00116'),
(1218, 'SNG00152'),
(1218, 'SNG00154'),
(1218, 'SNG00425'),
(1218, 'SNG00430'),
(1218, 'SNG00581'),
(1218, 'SNG00801'),
(1219, 'SNG00597'),
(1219, 'SNG00603'),
(1219, 'SNG00777'),
(1219, 'SNG00963'),
(1219, 'SNG00988'),
(1220, 'SNG00104'),
(1220, 'SNG00293'),
(1220, 'SNG00353'),
(1220, 'SNG00549'),
(1220, 'SNG00799'),
(1220, 'SNG00805'),
(1220, 'SNG00889'),
(1220, 'SNG00902'),
(1221, 'SNG00271'),
(1221, 'SNG00393'),
(1221, 'SNG00421'),
(1221, 'SNG00498'),
(1221, 'SNG00586'),
(1221, 'SNG00624'),
(1221, 'SNG00671'),
(1221, 'SNG00899'),
(1222, 'SNG00148'),
(1222, 'SNG00413'),
(1222, 'SNG00624'),
(1222, 'SNG00634'),
(1222, 'SNG00698'),
(1222, 'SNG00711'),
(1223, 'SNG00040'),
(1223, 'SNG00244'),
(1223, 'SNG00340'),
(1223, 'SNG00406'),
(1223, 'SNG00412'),
(1223, 'SNG00708'),
(1223, 'SNG00901'),
(1223, 'SNG00911'),
(1224, 'SNG00021'),
(1224, 'SNG00276'),
(1224, 'SNG00288'),
(1224, 'SNG00311'),
(1224, 'SNG00319'),
(1224, 'SNG00346'),
(1224, 'SNG00382'),
(1224, 'SNG00813'),
(1224, 'SNG00838'),
(1224, 'SNG00919'),
(1225, 'SNG00101'),
(1225, 'SNG00504'),
(1225, 'SNG00702'),
(1225, 'SNG00713'),
(1225, 'SNG00864'),
(1225, 'SNG00879'),
(1225, 'SNG00890'),
(1225, 'SNG00996'),
(1226, 'SNG00276'),
(1226, 'SNG00329'),
(1226, 'SNG00427'),
(1226, 'SNG00454'),
(1226, 'SNG00747'),
(1226, 'SNG00762'),
(1226, 'SNG00793'),
(1226, 'SNG00846'),
(1227, 'SNG00092'),
(1227, 'SNG00193'),
(1227, 'SNG00217'),
(1227, 'SNG00417'),
(1227, 'SNG00453'),
(1227, 'SNG00620'),
(1227, 'SNG00662'),
(1227, 'SNG00844'),
(1227, 'SNG00936'),
(1228, 'SNG00058'),
(1228, 'SNG00163'),
(1228, 'SNG00383'),
(1228, 'SNG00528'),
(1228, 'SNG00811'),
(1228, 'SNG00841'),
(1228, 'SNG00889'),
(1229, 'SNG00068'),
(1229, 'SNG00319'),
(1229, 'SNG00519'),
(1229, 'SNG00727'),
(1230, 'SNG00030'),
(1230, 'SNG00178'),
(1230, 'SNG00537'),
(1230, 'SNG00583'),
(1230, 'SNG00901'),
(1231, 'SNG00034'),
(1231, 'SNG00060'),
(1231, 'SNG00198'),
(1231, 'SNG00206'),
(1231, 'SNG00256'),
(1231, 'SNG00468'),
(1231, 'SNG00853'),
(1231, 'SNG00858'),
(1231, 'SNG00897'),
(1232, 'SNG00204'),
(1232, 'SNG00281'),
(1232, 'SNG00378'),
(1232, 'SNG00407'),
(1232, 'SNG00476'),
(1232, 'SNG00518'),
(1232, 'SNG00651'),
(1232, 'SNG00844'),
(1232, 'SNG00946'),
(1233, 'SNG00032'),
(1233, 'SNG00127'),
(1233, 'SNG00248'),
(1233, 'SNG00382'),
(1233, 'SNG00457'),
(1233, 'SNG00501'),
(1233, 'SNG00609'),
(1233, 'SNG00698'),
(1234, 'SNG00168'),
(1234, 'SNG00265'),
(1234, 'SNG00353'),
(1234, 'SNG00359'),
(1234, 'SNG00565'),
(1234, 'SNG00601'),
(1234, 'SNG00767'),
(1234, 'SNG00858'),
(1234, 'SNG00916'),
(1235, 'SNG00029'),
(1235, 'SNG00051'),
(1235, 'SNG00093'),
(1235, 'SNG00167'),
(1235, 'SNG00292'),
(1235, 'SNG00396'),
(1235, 'SNG00586'),
(1235, 'SNG00706'),
(1235, 'SNG00799'),
(1235, 'SNG00851'),
(1235, 'SNG00875'),
(1236, 'SNG00021'),
(1236, 'SNG00212'),
(1236, 'SNG00231'),
(1236, 'SNG00276'),
(1236, 'SNG00420'),
(1236, 'SNG00526'),
(1236, 'SNG00663'),
(1236, 'SNG00668'),
(1236, 'SNG00694'),
(1236, 'SNG00800'),
(1236, 'SNG00886'),
(1237, 'SNG00010'),
(1237, 'SNG00136'),
(1237, 'SNG00486'),
(1237, 'SNG00699'),
(1237, 'SNG00786'),
(1237, 'SNG00934'),
(1237, 'SNG00991'),
(1238, 'SNG00009'),
(1238, 'SNG00230'),
(1238, 'SNG00259'),
(1238, 'SNG00623'),
(1238, 'SNG00825'),
(1238, 'SNG00966'),
(1239, 'SNG00313'),
(1239, 'SNG00659'),
(1239, 'SNG00727'),
(1239, 'SNG00730'),
(1239, 'SNG00991'),
(1240, 'SNG00224'),
(1240, 'SNG00259'),
(1240, 'SNG00310'),
(1240, 'SNG00358'),
(1240, 'SNG00471'),
(1240, 'SNG00478'),
(1240, 'SNG00873'),
(1241, 'SNG00008'),
(1241, 'SNG00105'),
(1241, 'SNG00407'),
(1241, 'SNG00524'),
(1241, 'SNG00534'),
(1241, 'SNG00599'),
(1241, 'SNG00639'),
(1241, 'SNG00679'),
(1241, 'SNG00694'),
(1241, 'SNG00845'),
(1241, 'SNG00864'),
(1241, 'SNG00990'),
(1242, 'SNG00066'),
(1242, 'SNG00111'),
(1242, 'SNG00290'),
(1242, 'SNG00306'),
(1242, 'SNG00345'),
(1242, 'SNG00494'),
(1242, 'SNG00609'),
(1242, 'SNG00624'),
(1242, 'SNG00701'),
(1243, 'SNG00284'),
(1243, 'SNG00333'),
(1243, 'SNG00656'),
(1243, 'SNG00883'),
(1244, 'SNG00154'),
(1244, 'SNG00193'),
(1244, 'SNG00306'),
(1244, 'SNG00530'),
(1244, 'SNG00668'),
(1244, 'SNG00784'),
(1244, 'SNG00914'),
(1245, 'SNG00059'),
(1245, 'SNG00247'),
(1245, 'SNG00328'),
(1245, 'SNG00414'),
(1245, 'SNG00615'),
(1245, 'SNG00677'),
(1245, 'SNG00822'),
(1245, 'SNG00825'),
(1245, 'SNG00830'),
(1245, 'SNG00878'),
(1245, 'SNG00922'),
(1246, 'SNG00266'),
(1246, 'SNG00303'),
(1246, 'SNG00429'),
(1246, 'SNG00510'),
(1246, 'SNG00672'),
(1246, 'SNG00929'),
(1247, 'SNG00037'),
(1247, 'SNG00398'),
(1247, 'SNG00415'),
(1247, 'SNG00598'),
(1247, 'SNG00755'),
(1248, 'SNG00195'),
(1248, 'SNG00228'),
(1248, 'SNG00352'),
(1248, 'SNG00548'),
(1248, 'SNG00703'),
(1248, 'SNG00731'),
(1248, 'SNG00744'),
(1249, 'SNG00488'),
(1249, 'SNG00654'),
(1249, 'SNG00804'),
(1249, 'SNG00929'),
(1249, 'SNG00964'),
(1250, 'SNG00175'),
(1250, 'SNG00572'),
(1250, 'SNG00674'),
(1250, 'SNG00861'),
(1250, 'SNG00866'),
(1250, 'SNG00898'),
(1251, 'SNG00100'),
(1251, 'SNG00132'),
(1251, 'SNG00186'),
(1251, 'SNG00301'),
(1251, 'SNG00483'),
(1252, 'SNG00188'),
(1252, 'SNG00573'),
(1252, 'SNG00697'),
(1252, 'SNG00782'),
(1252, 'SNG00922'),
(1252, 'SNG00935'),
(1252, 'SNG00970'),
(1253, 'SNG00092'),
(1253, 'SNG00228'),
(1253, 'SNG00344'),
(1253, 'SNG00671'),
(1254, 'SNG00315'),
(1254, 'SNG00340'),
(1254, 'SNG00431'),
(1254, 'SNG00808'),
(1254, 'SNG00909'),
(1255, 'SNG00055'),
(1255, 'SNG00121'),
(1255, 'SNG00267'),
(1255, 'SNG00302'),
(1255, 'SNG00381'),
(1255, 'SNG00475'),
(1255, 'SNG00482'),
(1255, 'SNG00600'),
(1255, 'SNG00872'),
(1255, 'SNG00888'),
(1256, 'SNG00073'),
(1256, 'SNG00200'),
(1256, 'SNG00484'),
(1256, 'SNG00513'),
(1256, 'SNG00636'),
(1256, 'SNG00911'),
(1257, 'SNG00123'),
(1257, 'SNG00306'),
(1257, 'SNG00391'),
(1257, 'SNG00543'),
(1257, 'SNG00698'),
(1257, 'SNG00889'),
(1258, 'SNG00141'),
(1258, 'SNG00155'),
(1258, 'SNG00206'),
(1258, 'SNG00351'),
(1259, 'SNG00147'),
(1259, 'SNG00185'),
(1259, 'SNG00324'),
(1259, 'SNG00420'),
(1259, 'SNG00469'),
(1259, 'SNG00584'),
(1259, 'SNG00733'),
(1259, 'SNG00884'),
(1259, 'SNG00915'),
(1259, 'SNG00929'),
(1260, 'SNG00005'),
(1260, 'SNG00060'),
(1260, 'SNG00182'),
(1260, 'SNG00281'),
(1260, 'SNG00321'),
(1260, 'SNG00463'),
(1260, 'SNG00647'),
(1260, 'SNG00650'),
(1261, 'SNG00173'),
(1261, 'SNG00215'),
(1261, 'SNG00591'),
(1261, 'SNG00780'),
(1261, 'SNG00793'),
(1262, 'SNG00091'),
(1262, 'SNG00133'),
(1262, 'SNG00440'),
(1262, 'SNG00445'),
(1262, 'SNG00630'),
(1262, 'SNG00649'),
(1262, 'SNG00782'),
(1262, 'SNG00799'),
(1263, 'SNG00393'),
(1263, 'SNG00414'),
(1263, 'SNG00440'),
(1263, 'SNG00489'),
(1263, 'SNG00989'),
(1264, 'SNG00015'),
(1264, 'SNG00196'),
(1264, 'SNG00330'),
(1264, 'SNG00383'),
(1264, 'SNG00544'),
(1264, 'SNG00749'),
(1264, 'SNG00776'),
(1264, 'SNG00854'),
(1264, 'SNG00914'),
(1264, 'SNG00973'),
(1265, 'SNG00005'),
(1265, 'SNG00019'),
(1265, 'SNG00232'),
(1265, 'SNG00255'),
(1265, 'SNG00642'),
(1265, 'SNG00693'),
(1265, 'SNG00711'),
(1265, 'SNG00752'),
(1266, 'SNG00047'),
(1266, 'SNG00067'),
(1266, 'SNG00106'),
(1266, 'SNG00172'),
(1266, 'SNG00314'),
(1266, 'SNG00393'),
(1266, 'SNG00516'),
(1266, 'SNG00603'),
(1266, 'SNG00844'),
(1267, 'SNG00298'),
(1267, 'SNG00306'),
(1267, 'SNG00467'),
(1267, 'SNG00533'),
(1267, 'SNG00746'),
(1267, 'SNG00972'),
(1268, 'SNG00138'),
(1268, 'SNG00351'),
(1268, 'SNG00502'),
(1268, 'SNG00704'),
(1268, 'SNG00910'),
(1268, 'SNG00924'),
(1269, 'SNG00169'),
(1269, 'SNG00193'),
(1269, 'SNG00368'),
(1269, 'SNG00769'),
(1269, 'SNG00929'),
(1269, 'SNG00971'),
(1270, 'SNG00023'),
(1270, 'SNG00135'),
(1270, 'SNG00217'),
(1270, 'SNG00230'),
(1270, 'SNG00234'),
(1270, 'SNG00517'),
(1270, 'SNG00604'),
(1270, 'SNG00745'),
(1270, 'SNG00752'),
(1271, 'SNG00039'),
(1271, 'SNG00127'),
(1271, 'SNG00174'),
(1271, 'SNG00376'),
(1271, 'SNG00667'),
(1271, 'SNG00729'),
(1271, 'SNG00812'),
(1272, 'SNG00050'),
(1272, 'SNG00548'),
(1272, 'SNG00609'),
(1272, 'SNG00639'),
(1272, 'SNG00790'),
(1273, 'SNG00021'),
(1273, 'SNG00050'),
(1273, 'SNG00111'),
(1273, 'SNG00119'),
(1273, 'SNG00427'),
(1273, 'SNG00670'),
(1273, 'SNG00678'),
(1273, 'SNG00707'),
(1273, 'SNG00857'),
(1274, 'SNG00157'),
(1274, 'SNG00211'),
(1274, 'SNG00259'),
(1274, 'SNG00486'),
(1274, 'SNG00703'),
(1274, 'SNG00712'),
(1274, 'SNG00719'),
(1275, 'SNG00010'),
(1275, 'SNG00104'),
(1275, 'SNG00309'),
(1275, 'SNG00431'),
(1275, 'SNG00533'),
(1275, 'SNG00646'),
(1275, 'SNG00678'),
(1275, 'SNG00679'),
(1276, 'SNG00108'),
(1276, 'SNG00141'),
(1276, 'SNG00429'),
(1276, 'SNG00524'),
(1276, 'SNG00737'),
(1276, 'SNG00851'),
(1276, 'SNG00921'),
(1277, 'SNG00109'),
(1277, 'SNG00117'),
(1277, 'SNG00121'),
(1277, 'SNG00204'),
(1277, 'SNG00205'),
(1277, 'SNG00290'),
(1277, 'SNG00510'),
(1277, 'SNG00624'),
(1277, 'SNG00633'),
(1277, 'SNG00804'),
(1278, 'SNG00041'),
(1278, 'SNG00165'),
(1278, 'SNG00207'),
(1278, 'SNG00303'),
(1278, 'SNG00367'),
(1278, 'SNG00420'),
(1278, 'SNG00721'),
(1278, 'SNG00997'),
(1279, 'SNG00213'),
(1279, 'SNG00509'),
(1279, 'SNG00562'),
(1279, 'SNG00933'),
(1280, 'SNG00003'),
(1280, 'SNG00014'),
(1280, 'SNG00092'),
(1280, 'SNG00114'),
(1280, 'SNG00241'),
(1280, 'SNG00688'),
(1280, 'SNG00929'),
(1281, 'SNG00153'),
(1281, 'SNG00506'),
(1281, 'SNG00588'),
(1281, 'SNG00686'),
(1281, 'SNG00856'),
(1282, 'SNG00077'),
(1282, 'SNG00104'),
(1282, 'SNG00237'),
(1282, 'SNG00263'),
(1282, 'SNG00271'),
(1282, 'SNG00304'),
(1282, 'SNG00468'),
(1282, 'SNG00660'),
(1282, 'SNG00741'),
(1282, 'SNG00927'),
(1283, 'SNG00052'),
(1283, 'SNG00103'),
(1283, 'SNG00179'),
(1283, 'SNG00476'),
(1283, 'SNG00833'),
(1283, 'SNG00896'),
(1284, 'SNG00098'),
(1284, 'SNG00119'),
(1284, 'SNG00321'),
(1284, 'SNG00437'),
(1284, 'SNG00694'),
(1284, 'SNG00757'),
(1284, 'SNG00777'),
(1284, 'SNG00821'),
(1284, 'SNG00872'),
(1285, 'SNG00010'),
(1285, 'SNG00047'),
(1285, 'SNG00142'),
(1285, 'SNG00175'),
(1285, 'SNG00663'),
(1285, 'SNG00680'),
(1285, 'SNG00873'),
(1285, 'SNG00912'),
(1286, 'SNG00275'),
(1286, 'SNG00637'),
(1286, 'SNG00751'),
(1286, 'SNG00900'),
(1286, 'SNG00979'),
(1287, 'SNG00096'),
(1287, 'SNG00117'),
(1287, 'SNG00188'),
(1287, 'SNG00279'),
(1287, 'SNG00351'),
(1287, 'SNG00382'),
(1287, 'SNG00410'),
(1287, 'SNG00411'),
(1287, 'SNG00468'),
(1287, 'SNG00835'),
(1287, 'SNG00986'),
(1288, 'SNG00116'),
(1288, 'SNG00136'),
(1288, 'SNG00171'),
(1288, 'SNG00432'),
(1288, 'SNG00490'),
(1288, 'SNG00665'),
(1288, 'SNG00817'),
(1288, 'SNG00820'),
(1288, 'SNG00908'),
(1289, 'SNG00061'),
(1289, 'SNG00713'),
(1289, 'SNG00744'),
(1289, 'SNG00865'),
(1289, 'SNG00966'),
(1290, 'SNG00186'),
(1290, 'SNG00389'),
(1290, 'SNG00449'),
(1290, 'SNG00495'),
(1290, 'SNG00583'),
(1290, 'SNG00605'),
(1290, 'SNG00626'),
(1290, 'SNG00695'),
(1290, 'SNG00822'),
(1291, 'SNG00030'),
(1291, 'SNG00368'),
(1291, 'SNG00627'),
(1291, 'SNG00701'),
(1291, 'SNG00745'),
(1291, 'SNG00798'),
(1291, 'SNG00859'),
(1291, 'SNG00884'),
(1291, 'SNG00902'),
(1292, 'SNG00048'),
(1292, 'SNG00065'),
(1292, 'SNG00116'),
(1292, 'SNG00268'),
(1292, 'SNG00422'),
(1292, 'SNG00452'),
(1292, 'SNG00500'),
(1292, 'SNG00909'),
(1292, 'SNG00943'),
(1293, 'SNG00013'),
(1293, 'SNG00322'),
(1293, 'SNG00538'),
(1293, 'SNG00671'),
(1293, 'SNG00695'),
(1293, 'SNG00722'),
(1293, 'SNG00890'),
(1294, 'SNG00230'),
(1294, 'SNG00347'),
(1294, 'SNG00532'),
(1294, 'SNG00536'),
(1294, 'SNG00579'),
(1294, 'SNG00686'),
(1294, 'SNG00895'),
(1294, 'SNG00979'),
(1295, 'SNG00098'),
(1295, 'SNG00444'),
(1295, 'SNG00634'),
(1295, 'SNG00705'),
(1295, 'SNG00718'),
(1296, 'SNG00153'),
(1296, 'SNG00355'),
(1296, 'SNG00395'),
(1296, 'SNG00657'),
(1296, 'SNG00680'),
(1296, 'SNG00693'),
(1296, 'SNG00860'),
(1297, 'SNG00012'),
(1297, 'SNG00056'),
(1297, 'SNG00572'),
(1297, 'SNG00628'),
(1297, 'SNG00847'),
(1297, 'SNG00914'),
(1298, 'SNG00077'),
(1298, 'SNG00170'),
(1298, 'SNG00481'),
(1298, 'SNG00508'),
(1298, 'SNG00870'),
(1298, 'SNG00873'),
(1298, 'SNG00891'),
(1299, 'SNG00247'),
(1299, 'SNG00285'),
(1299, 'SNG00329'),
(1299, 'SNG00339'),
(1299, 'SNG00504'),
(1299, 'SNG00770'),
(1299, 'SNG00994'),
(1300, 'SNG00081'),
(1300, 'SNG00241'),
(1300, 'SNG00388'),
(1300, 'SNG00413'),
(1300, 'SNG00455'),
(1300, 'SNG00471'),
(1300, 'SNG00659'),
(1300, 'SNG00821'),
(1300, 'SNG00837'),
(1301, 'SNG00091'),
(1301, 'SNG00122'),
(1301, 'SNG00324'),
(1301, 'SNG00458'),
(1301, 'SNG00459'),
(1301, 'SNG00511'),
(1301, 'SNG00587'),
(1301, 'SNG00878'),
(1302, 'SNG00001'),
(1302, 'SNG00019'),
(1302, 'SNG00037'),
(1302, 'SNG00094'),
(1302, 'SNG00106'),
(1302, 'SNG00414'),
(1302, 'SNG00423'),
(1302, 'SNG00563'),
(1302, 'SNG00571'),
(1302, 'SNG00811'),
(1302, 'SNG00846'),
(1303, 'SNG00312'),
(1303, 'SNG00521'),
(1303, 'SNG00619'),
(1303, 'SNG00634'),
(1303, 'SNG00653'),
(1303, 'SNG00912'),
(1303, 'SNG00987'),
(1304, 'SNG00350'),
(1304, 'SNG00373'),
(1304, 'SNG00468'),
(1304, 'SNG00846'),
(1304, 'SNG00974'),
(1305, 'SNG00056'),
(1305, 'SNG00229'),
(1305, 'SNG00340'),
(1305, 'SNG00466'),
(1305, 'SNG00837'),
(1305, 'SNG00865'),
(1306, 'SNG00373'),
(1306, 'SNG00485'),
(1306, 'SNG00673'),
(1306, 'SNG00734'),
(1307, 'SNG00100'),
(1307, 'SNG00117'),
(1307, 'SNG00228'),
(1307, 'SNG00464'),
(1307, 'SNG00675'),
(1307, 'SNG00778'),
(1308, 'SNG00109'),
(1308, 'SNG00299'),
(1308, 'SNG00383'),
(1308, 'SNG00535'),
(1308, 'SNG00561'),
(1308, 'SNG00649'),
(1308, 'SNG00719'),
(1308, 'SNG00820'),
(1308, 'SNG00988'),
(1309, 'SNG00047'),
(1309, 'SNG00144'),
(1309, 'SNG00169'),
(1309, 'SNG00505'),
(1309, 'SNG00735'),
(1309, 'SNG00761'),
(1309, 'SNG00842'),
(1309, 'SNG00919'),
(1310, 'SNG00124'),
(1310, 'SNG00193'),
(1310, 'SNG00201'),
(1310, 'SNG00403'),
(1310, 'SNG00626'),
(1310, 'SNG00873'),
(1310, 'SNG00953'),
(1311, 'SNG00196'),
(1311, 'SNG00221'),
(1311, 'SNG00347'),
(1311, 'SNG00469'),
(1311, 'SNG00734'),
(1311, 'SNG00801'),
(1311, 'SNG00845'),
(1312, 'SNG00127'),
(1312, 'SNG00462'),
(1312, 'SNG00603'),
(1312, 'SNG00649'),
(1312, 'SNG00689'),
(1312, 'SNG00791'),
(1312, 'SNG00858'),
(1312, 'SNG00914'),
(1312, 'SNG00949'),
(1313, 'SNG00005'),
(1313, 'SNG00138'),
(1313, 'SNG00469'),
(1313, 'SNG00511'),
(1313, 'SNG00517'),
(1313, 'SNG00604'),
(1313, 'SNG00675'),
(1313, 'SNG00980'),
(1313, 'SNG00987'),
(1314, 'SNG00444'),
(1314, 'SNG00495'),
(1314, 'SNG00521'),
(1314, 'SNG00600'),
(1314, 'SNG00859'),
(1314, 'SNG00947'),
(1314, 'SNG00958'),
(1315, 'SNG00178'),
(1315, 'SNG00182'),
(1315, 'SNG00593'),
(1315, 'SNG00709'),
(1315, 'SNG00800'),
(1315, 'SNG00933'),
(1315, 'SNG00944'),
(1316, 'SNG00330'),
(1316, 'SNG00397'),
(1316, 'SNG00517'),
(1316, 'SNG00615'),
(1316, 'SNG00621'),
(1316, 'SNG00674'),
(1316, 'SNG00904'),
(1317, 'SNG00394'),
(1317, 'SNG00429'),
(1317, 'SNG00624'),
(1317, 'SNG00710'),
(1317, 'SNG00903'),
(1317, 'SNG00938'),
(1318, 'SNG00137'),
(1318, 'SNG00142'),
(1318, 'SNG00302'),
(1318, 'SNG00352'),
(1318, 'SNG00464'),
(1318, 'SNG00825'),
(1318, 'SNG00987'),
(1318, 'SNG00994'),
(1319, 'SNG00423'),
(1319, 'SNG00525'),
(1319, 'SNG00617'),
(1319, 'SNG00717'),
(1319, 'SNG00767'),
(1319, 'SNG00908'),
(1320, 'SNG00322'),
(1320, 'SNG00567'),
(1320, 'SNG00648'),
(1320, 'SNG00729'),
(1320, 'SNG00755'),
(1320, 'SNG00882'),
(1320, 'SNG00958'),
(1321, 'SNG00206'),
(1321, 'SNG00215'),
(1321, 'SNG00223'),
(1321, 'SNG00298'),
(1321, 'SNG00354'),
(1321, 'SNG00640'),
(1321, 'SNG00689'),
(1321, 'SNG00704'),
(1321, 'SNG00732'),
(1321, 'SNG00944'),
(1322, 'SNG00119'),
(1322, 'SNG00183'),
(1322, 'SNG00331'),
(1322, 'SNG00516'),
(1322, 'SNG00556'),
(1322, 'SNG00653'),
(1322, 'SNG00711'),
(1322, 'SNG00728'),
(1322, 'SNG00982'),
(1322, 'SNG00999'),
(1323, 'SNG00361'),
(1323, 'SNG00428'),
(1323, 'SNG00492'),
(1323, 'SNG00576'),
(1323, 'SNG00585'),
(1323, 'SNG00597'),
(1323, 'SNG00684'),
(1323, 'SNG00728'),
(1323, 'SNG00780'),
(1323, 'SNG00966'),
(1324, 'SNG00293'),
(1324, 'SNG00433'),
(1324, 'SNG00547'),
(1324, 'SNG00828'),
(1324, 'SNG00868'),
(1324, 'SNG00899'),
(1325, 'SNG00014'),
(1325, 'SNG00026'),
(1325, 'SNG00110'),
(1325, 'SNG00536'),
(1326, 'SNG00058'),
(1326, 'SNG00165'),
(1326, 'SNG00205'),
(1326, 'SNG00274'),
(1326, 'SNG00294'),
(1326, 'SNG00769'),
(1326, 'SNG00805'),
(1327, 'SNG00064'),
(1327, 'SNG00150'),
(1327, 'SNG00257'),
(1327, 'SNG00303'),
(1327, 'SNG00700'),
(1327, 'SNG00708'),
(1327, 'SNG00804'),
(1327, 'SNG00860'),
(1328, 'SNG00105'),
(1328, 'SNG00368'),
(1328, 'SNG00464'),
(1328, 'SNG00631'),
(1328, 'SNG00692'),
(1328, 'SNG00758'),
(1328, 'SNG00834'),
(1328, 'SNG00889'),
(1329, 'SNG00230'),
(1329, 'SNG00244'),
(1329, 'SNG00399'),
(1329, 'SNG00524'),
(1329, 'SNG00575'),
(1329, 'SNG00576'),
(1329, 'SNG00663'),
(1329, 'SNG00761'),
(1329, 'SNG00804'),
(1329, 'SNG00886'),
(1330, 'SNG00049'),
(1330, 'SNG00391'),
(1330, 'SNG00397'),
(1330, 'SNG00427'),
(1330, 'SNG00681'),
(1330, 'SNG00710'),
(1330, 'SNG00949'),
(1330, 'SNG00980'),
(1331, 'SNG00321'),
(1331, 'SNG00702'),
(1331, 'SNG00808'),
(1331, 'SNG00990'),
(1331, 'SNG01000'),
(1332, 'SNG00208'),
(1332, 'SNG00258'),
(1332, 'SNG00636'),
(1332, 'SNG00800'),
(1332, 'SNG00882'),
(1332, 'SNG00890'),
(1332, 'SNG00892'),
(1333, 'SNG00231'),
(1333, 'SNG00454'),
(1333, 'SNG00649'),
(1333, 'SNG00722'),
(1333, 'SNG00727'),
(1333, 'SNG00850'),
(1333, 'SNG00934'),
(1334, 'SNG00202'),
(1334, 'SNG00560'),
(1334, 'SNG00618'),
(1334, 'SNG00757'),
(1334, 'SNG00795'),
(1335, 'SNG00199'),
(1335, 'SNG00302'),
(1335, 'SNG00460'),
(1335, 'SNG00743'),
(1335, 'SNG00988'),
(1336, 'SNG00042'),
(1336, 'SNG00123'),
(1336, 'SNG00178'),
(1336, 'SNG00192'),
(1336, 'SNG00387'),
(1336, 'SNG00439'),
(1336, 'SNG00527'),
(1336, 'SNG00753'),
(1336, 'SNG00986'),
(1337, 'SNG00006'),
(1337, 'SNG00134'),
(1337, 'SNG00165'),
(1337, 'SNG00262'),
(1337, 'SNG00271'),
(1337, 'SNG00286'),
(1337, 'SNG00339'),
(1337, 'SNG00570'),
(1337, 'SNG00599'),
(1337, 'SNG00867'),
(1338, 'SNG00041'),
(1338, 'SNG00158'),
(1338, 'SNG00951'),
(1339, 'SNG00053'),
(1339, 'SNG00331'),
(1339, 'SNG00612'),
(1339, 'SNG00631'),
(1339, 'SNG00641'),
(1339, 'SNG00793'),
(1339, 'SNG00864'),
(1339, 'SNG00955'),
(1340, 'SNG00075'),
(1340, 'SNG00367'),
(1340, 'SNG00564'),
(1340, 'SNG00587'),
(1340, 'SNG00725'),
(1340, 'SNG00803'),
(1341, 'SNG00189'),
(1341, 'SNG00226'),
(1341, 'SNG00326'),
(1341, 'SNG00534'),
(1341, 'SNG00539'),
(1341, 'SNG00980'),
(1342, 'SNG00095'),
(1342, 'SNG00219'),
(1342, 'SNG00227'),
(1342, 'SNG00358'),
(1342, 'SNG00414'),
(1342, 'SNG00426'),
(1342, 'SNG00550'),
(1342, 'SNG00557'),
(1342, 'SNG00680'),
(1342, 'SNG00905'),
(1343, 'SNG00224'),
(1343, 'SNG00301'),
(1343, 'SNG00340'),
(1343, 'SNG00370'),
(1343, 'SNG00634'),
(1343, 'SNG00771'),
(1343, 'SNG00974'),
(1344, 'SNG00844'),
(1345, 'SNG00010'),
(1345, 'SNG00118'),
(1345, 'SNG00355'),
(1345, 'SNG00665'),
(1345, 'SNG00685'),
(1345, 'SNG00771'),
(1346, 'SNG00629'),
(1346, 'SNG00637'),
(1346, 'SNG00941'),
(1347, 'SNG00041'),
(1347, 'SNG00250'),
(1347, 'SNG00329'),
(1347, 'SNG00391'),
(1347, 'SNG00699'),
(1347, 'SNG00816'),
(1347, 'SNG00907'),
(1347, 'SNG00938'),
(1347, 'SNG00982'),
(1348, 'SNG00026'),
(1348, 'SNG00290'),
(1348, 'SNG00384'),
(1348, 'SNG00530'),
(1348, 'SNG00554'),
(1348, 'SNG00742'),
(1348, 'SNG00789'),
(1348, 'SNG00842'),
(1348, 'SNG00934'),
(1349, 'SNG00045'),
(1349, 'SNG00304'),
(1349, 'SNG00457'),
(1349, 'SNG00499'),
(1349, 'SNG00521'),
(1349, 'SNG00527'),
(1349, 'SNG00823'),
(1350, 'SNG00085'),
(1350, 'SNG00099'),
(1350, 'SNG00172'),
(1350, 'SNG00527'),
(1350, 'SNG00551'),
(1350, 'SNG00792'),
(1350, 'SNG00971'),
(1350, 'SNG00980'),
(1350, 'SNG00995'),
(1351, 'SNG00008'),
(1351, 'SNG00068'),
(1351, 'SNG00216'),
(1351, 'SNG00547'),
(1351, 'SNG00642'),
(1351, 'SNG00645'),
(1351, 'SNG00687'),
(1352, 'SNG00107'),
(1352, 'SNG00211'),
(1352, 'SNG00435'),
(1352, 'SNG00551'),
(1352, 'SNG00720'),
(1352, 'SNG00849'),
(1352, 'SNG00856'),
(1352, 'SNG00900'),
(1353, 'SNG00446'),
(1353, 'SNG00760'),
(1353, 'SNG00794'),
(1353, 'SNG01000'),
(1354, 'SNG00025'),
(1354, 'SNG00158'),
(1354, 'SNG00471'),
(1354, 'SNG00703'),
(1354, 'SNG00765'),
(1355, 'SNG00039'),
(1355, 'SNG00090'),
(1355, 'SNG00340'),
(1355, 'SNG00735'),
(1356, 'SNG00073'),
(1356, 'SNG00234'),
(1356, 'SNG00258'),
(1356, 'SNG00265'),
(1356, 'SNG00418'),
(1356, 'SNG00572'),
(1356, 'SNG00589'),
(1356, 'SNG00842'),
(1356, 'SNG00933'),
(1357, 'SNG00018'),
(1357, 'SNG00324'),
(1357, 'SNG00398'),
(1357, 'SNG00399'),
(1357, 'SNG00415'),
(1357, 'SNG00444'),
(1357, 'SNG00462'),
(1357, 'SNG00646'),
(1358, 'SNG00065'),
(1358, 'SNG00634'),
(1358, 'SNG00657'),
(1358, 'SNG00738'),
(1358, 'SNG00764'),
(1358, 'SNG00775'),
(1359, 'SNG00047'),
(1359, 'SNG00075'),
(1359, 'SNG00600'),
(1359, 'SNG00718'),
(1359, 'SNG00869'),
(1360, 'SNG00089'),
(1360, 'SNG00297'),
(1360, 'SNG00309'),
(1360, 'SNG00622'),
(1360, 'SNG00703'),
(1360, 'SNG00806'),
(1361, 'SNG00032'),
(1361, 'SNG00289'),
(1361, 'SNG00391'),
(1361, 'SNG00405'),
(1361, 'SNG00449'),
(1361, 'SNG00677'),
(1361, 'SNG00784'),
(1361, 'SNG00842'),
(1361, 'SNG00949'),
(1362, 'SNG00140'),
(1362, 'SNG00401'),
(1362, 'SNG00765'),
(1362, 'SNG00816'),
(1362, 'SNG00817'),
(1363, 'SNG00148'),
(1363, 'SNG00303'),
(1363, 'SNG00306'),
(1363, 'SNG00559'),
(1363, 'SNG00650'),
(1363, 'SNG00694'),
(1363, 'SNG00870'),
(1363, 'SNG00984'),
(1364, 'SNG00012'),
(1364, 'SNG00145'),
(1364, 'SNG00383'),
(1364, 'SNG00567'),
(1364, 'SNG00569'),
(1364, 'SNG00664'),
(1364, 'SNG00747'),
(1364, 'SNG00888'),
(1364, 'SNG00896'),
(1364, 'SNG00973'),
(1364, 'SNG00981'),
(1365, 'SNG00006'),
(1365, 'SNG00043'),
(1365, 'SNG00127'),
(1365, 'SNG00587'),
(1366, 'SNG00088'),
(1366, 'SNG00216'),
(1366, 'SNG00313'),
(1366, 'SNG00767'),
(1366, 'SNG00970'),
(1367, 'SNG00217'),
(1367, 'SNG00353'),
(1367, 'SNG00423'),
(1367, 'SNG00744'),
(1367, 'SNG00760'),
(1367, 'SNG00926'),
(1368, 'SNG00118'),
(1368, 'SNG00146'),
(1368, 'SNG00165'),
(1368, 'SNG00186'),
(1368, 'SNG00189'),
(1368, 'SNG00199'),
(1368, 'SNG00227'),
(1368, 'SNG00259'),
(1368, 'SNG00632'),
(1368, 'SNG00688'),
(1368, 'SNG00855'),
(1369, 'SNG00056'),
(1369, 'SNG00581'),
(1369, 'SNG00819'),
(1369, 'SNG00872'),
(1369, 'SNG00873'),
(1370, 'SNG00069'),
(1370, 'SNG00075'),
(1370, 'SNG00298'),
(1370, 'SNG00473'),
(1370, 'SNG00563'),
(1370, 'SNG00661'),
(1370, 'SNG00688'),
(1371, 'SNG00257'),
(1372, 'SNG00103'),
(1372, 'SNG00132'),
(1372, 'SNG00241'),
(1372, 'SNG00292'),
(1372, 'SNG00339'),
(1372, 'SNG00366'),
(1372, 'SNG00499'),
(1372, 'SNG00672'),
(1372, 'SNG00688'),
(1372, 'SNG00975'),
(1373, 'SNG00072'),
(1373, 'SNG00199'),
(1373, 'SNG00326'),
(1373, 'SNG00337'),
(1373, 'SNG00462'),
(1373, 'SNG00498'),
(1373, 'SNG00632'),
(1373, 'SNG00635'),
(1373, 'SNG00922'),
(1374, 'SNG00157'),
(1374, 'SNG00324'),
(1374, 'SNG00374'),
(1374, 'SNG00580'),
(1374, 'SNG00581'),
(1374, 'SNG00828'),
(1375, 'SNG00005'),
(1375, 'SNG00173'),
(1375, 'SNG00321'),
(1375, 'SNG00439'),
(1375, 'SNG00982'),
(1376, 'SNG00138'),
(1376, 'SNG00284'),
(1376, 'SNG00369'),
(1376, 'SNG00447'),
(1376, 'SNG00657'),
(1376, 'SNG00696'),
(1376, 'SNG00758'),
(1376, 'SNG00861'),
(1377, 'SNG00313'),
(1377, 'SNG00340'),
(1377, 'SNG00368'),
(1377, 'SNG00457'),
(1377, 'SNG00474'),
(1377, 'SNG00492'),
(1377, 'SNG00751'),
(1377, 'SNG00794'),
(1377, 'SNG00899'),
(1378, 'SNG00084'),
(1378, 'SNG00288'),
(1378, 'SNG00622'),
(1378, 'SNG00662'),
(1378, 'SNG00847'),
(1378, 'SNG00862'),
(1378, 'SNG00880'),
(1379, 'SNG00144'),
(1379, 'SNG00202'),
(1379, 'SNG00270'),
(1379, 'SNG00552'),
(1379, 'SNG00642'),
(1379, 'SNG00752'),
(1379, 'SNG00908'),
(1379, 'SNG00913'),
(1380, 'SNG00020'),
(1380, 'SNG00032'),
(1380, 'SNG00520'),
(1380, 'SNG00593'),
(1380, 'SNG00596'),
(1380, 'SNG00647'),
(1380, 'SNG00833'),
(1380, 'SNG00870'),
(1381, 'SNG00038'),
(1381, 'SNG00218'),
(1381, 'SNG00267'),
(1381, 'SNG00415'),
(1381, 'SNG00565'),
(1381, 'SNG00605'),
(1381, 'SNG00788'),
(1381, 'SNG00929'),
(1383, 'SNG00153'),
(1383, 'SNG00375'),
(1383, 'SNG00402'),
(1383, 'SNG00484'),
(1383, 'SNG00670'),
(1383, 'SNG00794'),
(1384, 'SNG00093'),
(1384, 'SNG00138'),
(1384, 'SNG00298'),
(1384, 'SNG00476'),
(1384, 'SNG00514'),
(1384, 'SNG00523'),
(1384, 'SNG00751'),
(1384, 'SNG00878'),
(1385, 'SNG00011'),
(1385, 'SNG00245'),
(1385, 'SNG00373'),
(1385, 'SNG00407'),
(1385, 'SNG00515'),
(1385, 'SNG00629'),
(1385, 'SNG00679'),
(1385, 'SNG00701'),
(1385, 'SNG00826'),
(1385, 'SNG00869'),
(1385, 'SNG00988'),
(1386, 'SNG00164'),
(1386, 'SNG00184'),
(1386, 'SNG00457'),
(1386, 'SNG00580'),
(1386, 'SNG00676'),
(1386, 'SNG00894'),
(1386, 'SNG00972'),
(1386, 'SNG00991'),
(1387, 'SNG00042'),
(1387, 'SNG00150'),
(1387, 'SNG00225'),
(1387, 'SNG00368'),
(1387, 'SNG00496'),
(1387, 'SNG00500'),
(1387, 'SNG00750'),
(1387, 'SNG00754'),
(1387, 'SNG00780'),
(1387, 'SNG00962'),
(1388, 'SNG00044'),
(1388, 'SNG00212'),
(1388, 'SNG00240'),
(1388, 'SNG00370'),
(1388, 'SNG00531'),
(1388, 'SNG00685'),
(1388, 'SNG00811'),
(1388, 'SNG00930'),
(1389, 'SNG00041'),
(1389, 'SNG00048'),
(1389, 'SNG00332'),
(1389, 'SNG00398'),
(1389, 'SNG00466'),
(1389, 'SNG00481'),
(1389, 'SNG00665'),
(1389, 'SNG00903'),
(1389, 'SNG00940'),
(1390, 'SNG00179'),
(1390, 'SNG00270'),
(1390, 'SNG00281'),
(1390, 'SNG00386'),
(1390, 'SNG00558'),
(1390, 'SNG00584'),
(1390, 'SNG00593'),
(1390, 'SNG00649'),
(1390, 'SNG00670'),
(1390, 'SNG00760'),
(1390, 'SNG00850'),
(1390, 'SNG00855'),
(1391, 'SNG00080'),
(1391, 'SNG00258'),
(1391, 'SNG00375'),
(1391, 'SNG00386'),
(1391, 'SNG00388'),
(1391, 'SNG00530'),
(1391, 'SNG00602'),
(1391, 'SNG00670'),
(1391, 'SNG00856'),
(1391, 'SNG00920'),
(1391, 'SNG00997'),
(1392, 'SNG00007'),
(1392, 'SNG00354'),
(1392, 'SNG00362'),
(1392, 'SNG00494'),
(1392, 'SNG00499'),
(1392, 'SNG00619'),
(1392, 'SNG00812'),
(1392, 'SNG00837'),
(1392, 'SNG00889'),
(1392, 'SNG00909'),
(1393, 'SNG00143'),
(1393, 'SNG00170'),
(1393, 'SNG00236'),
(1393, 'SNG00451'),
(1393, 'SNG00514'),
(1393, 'SNG00904'),
(1394, 'SNG00122'),
(1394, 'SNG00154'),
(1394, 'SNG00162'),
(1394, 'SNG00192'),
(1394, 'SNG00217'),
(1394, 'SNG00371'),
(1394, 'SNG00617'),
(1394, 'SNG00677'),
(1394, 'SNG00735'),
(1394, 'SNG00837'),
(1395, 'SNG00117'),
(1395, 'SNG00236'),
(1395, 'SNG00339'),
(1395, 'SNG00425'),
(1395, 'SNG00491'),
(1395, 'SNG00494'),
(1395, 'SNG00692'),
(1395, 'SNG00738'),
(1395, 'SNG00831'),
(1396, 'SNG00023'),
(1396, 'SNG00250'),
(1396, 'SNG00421'),
(1396, 'SNG00663'),
(1396, 'SNG00854'),
(1397, 'SNG00045'),
(1397, 'SNG00131'),
(1397, 'SNG00138'),
(1397, 'SNG00165'),
(1397, 'SNG00525'),
(1397, 'SNG00588'),
(1397, 'SNG00607'),
(1397, 'SNG00645'),
(1398, 'SNG00058'),
(1398, 'SNG00171'),
(1398, 'SNG00185'),
(1398, 'SNG00265'),
(1398, 'SNG00416'),
(1398, 'SNG00530'),
(1398, 'SNG00614'),
(1398, 'SNG00945'),
(1398, 'SNG00982'),
(1398, 'SNG00993'),
(1399, 'SNG00020'),
(1399, 'SNG00578'),
(1399, 'SNG00653'),
(1399, 'SNG00678'),
(1399, 'SNG00737'),
(1399, 'SNG00746'),
(1399, 'SNG00842'),
(1399, 'SNG00900'),
(1400, 'SNG00175'),
(1400, 'SNG00225'),
(1400, 'SNG00460'),
(1400, 'SNG00483'),
(1400, 'SNG00494'),
(1400, 'SNG00622'),
(1400, 'SNG00889'),
(1401, 'SNG00147'),
(1401, 'SNG00421'),
(1401, 'SNG00597'),
(1401, 'SNG00616'),
(1401, 'SNG00786'),
(1401, 'SNG00814'),
(1401, 'SNG00841'),
(1401, 'SNG00851'),
(1402, 'SNG00172'),
(1402, 'SNG00271'),
(1402, 'SNG00351'),
(1402, 'SNG00465'),
(1402, 'SNG00605'),
(1402, 'SNG00611'),
(1402, 'SNG00703'),
(1402, 'SNG00742'),
(1402, 'SNG00945'),
(1403, 'SNG00017'),
(1403, 'SNG00071'),
(1403, 'SNG00112'),
(1403, 'SNG00136'),
(1403, 'SNG00208'),
(1403, 'SNG00236'),
(1403, 'SNG00388'),
(1403, 'SNG00395'),
(1403, 'SNG00536'),
(1403, 'SNG00881'),
(1404, 'SNG00040'),
(1404, 'SNG00099'),
(1404, 'SNG00154'),
(1404, 'SNG00182'),
(1404, 'SNG00488'),
(1404, 'SNG00615'),
(1404, 'SNG00621'),
(1404, 'SNG00630'),
(1404, 'SNG00847'),
(1404, 'SNG00924'),
(1405, 'SNG00121'),
(1405, 'SNG00516'),
(1405, 'SNG00545'),
(1405, 'SNG00771'),
(1405, 'SNG00803'),
(1405, 'SNG00899'),
(1406, 'SNG00002'),
(1406, 'SNG00553'),
(1406, 'SNG00618'),
(1406, 'SNG00665'),
(1406, 'SNG00695'),
(1406, 'SNG00794'),
(1406, 'SNG00848'),
(1406, 'SNG00919'),
(1406, 'SNG00924'),
(1406, 'SNG00961'),
(1407, 'SNG00045'),
(1407, 'SNG00380'),
(1407, 'SNG00431'),
(1407, 'SNG00440'),
(1407, 'SNG00442'),
(1407, 'SNG00535'),
(1407, 'SNG00543'),
(1407, 'SNG00715'),
(1407, 'SNG00896'),
(1408, 'SNG00359'),
(1408, 'SNG00391'),
(1408, 'SNG00604'),
(1408, 'SNG00760'),
(1408, 'SNG00788'),
(1408, 'SNG00809'),
(1408, 'SNG00824'),
(1408, 'SNG00930'),
(1409, 'SNG00101'),
(1409, 'SNG00138'),
(1409, 'SNG00239'),
(1409, 'SNG00261'),
(1409, 'SNG00436'),
(1409, 'SNG00489'),
(1409, 'SNG00590'),
(1409, 'SNG00714'),
(1409, 'SNG00780'),
(1409, 'SNG00785'),
(1409, 'SNG00858'),
(1410, 'SNG00006'),
(1410, 'SNG00194'),
(1410, 'SNG00264'),
(1410, 'SNG00419'),
(1410, 'SNG00557'),
(1410, 'SNG00613'),
(1410, 'SNG00727'),
(1410, 'SNG00898'),
(1411, 'SNG00008'),
(1411, 'SNG00121'),
(1411, 'SNG00533'),
(1411, 'SNG00536'),
(1411, 'SNG00592'),
(1411, 'SNG00762'),
(1411, 'SNG00809'),
(1412, 'SNG00110'),
(1412, 'SNG00159'),
(1412, 'SNG00324'),
(1412, 'SNG00371'),
(1412, 'SNG00419'),
(1412, 'SNG00437'),
(1412, 'SNG00600'),
(1412, 'SNG00668'),
(1412, 'SNG00705'),
(1412, 'SNG00824'),
(1413, 'SNG00260'),
(1413, 'SNG00268'),
(1413, 'SNG00375'),
(1413, 'SNG00434'),
(1413, 'SNG00549'),
(1413, 'SNG00579'),
(1413, 'SNG00627'),
(1413, 'SNG00876'),
(1414, 'SNG00209'),
(1414, 'SNG00424'),
(1414, 'SNG00495'),
(1414, 'SNG00566'),
(1414, 'SNG00571'),
(1414, 'SNG00774'),
(1414, 'SNG00803'),
(1415, 'SNG00184'),
(1415, 'SNG00260'),
(1415, 'SNG00315'),
(1415, 'SNG00353'),
(1415, 'SNG00380'),
(1415, 'SNG00496'),
(1415, 'SNG00569'),
(1415, 'SNG00573'),
(1415, 'SNG00592'),
(1415, 'SNG00793'),
(1416, 'SNG00122'),
(1416, 'SNG00236'),
(1416, 'SNG00458'),
(1416, 'SNG00676'),
(1416, 'SNG00766'),
(1416, 'SNG00876'),
(1416, 'SNG00885'),
(1417, 'SNG00166'),
(1417, 'SNG00717'),
(1417, 'SNG00802'),
(1417, 'SNG00973'),
(1418, 'SNG00054'),
(1418, 'SNG00347'),
(1418, 'SNG00564'),
(1418, 'SNG00629'),
(1418, 'SNG00701'),
(1418, 'SNG00714'),
(1418, 'SNG00724'),
(1418, 'SNG00805'),
(1418, 'SNG00821'),
(1419, 'SNG00006'),
(1419, 'SNG00094'),
(1419, 'SNG00149'),
(1419, 'SNG00165'),
(1419, 'SNG00399'),
(1419, 'SNG00652'),
(1419, 'SNG00824'),
(1419, 'SNG00844'),
(1419, 'SNG00988'),
(1420, 'SNG00066'),
(1420, 'SNG00091'),
(1420, 'SNG00228'),
(1420, 'SNG00270'),
(1420, 'SNG00380'),
(1421, 'SNG00039'),
(1421, 'SNG00082'),
(1421, 'SNG00394'),
(1421, 'SNG00411'),
(1421, 'SNG00624'),
(1421, 'SNG00629'),
(1421, 'SNG00742'),
(1421, 'SNG00954'),
(1422, 'SNG00059'),
(1422, 'SNG00180'),
(1422, 'SNG00612'),
(1422, 'SNG00793'),
(1422, 'SNG00840'),
(1422, 'SNG00969'),
(1422, 'SNG00987'),
(1423, 'SNG00011'),
(1423, 'SNG00207'),
(1423, 'SNG00450'),
(1423, 'SNG00507'),
(1423, 'SNG00656'),
(1423, 'SNG00871'),
(1424, 'SNG00035'),
(1424, 'SNG00200'),
(1424, 'SNG00293'),
(1424, 'SNG00523'),
(1424, 'SNG00614'),
(1424, 'SNG00803'),
(1425, 'SNG00238'),
(1425, 'SNG00529'),
(1425, 'SNG00630'),
(1425, 'SNG00716'),
(1426, 'SNG00001'),
(1426, 'SNG00089'),
(1426, 'SNG00162'),
(1426, 'SNG00245'),
(1426, 'SNG00283'),
(1426, 'SNG00671'),
(1426, 'SNG00799'),
(1426, 'SNG01000'),
(1427, 'SNG00206'),
(1427, 'SNG00362'),
(1427, 'SNG00405'),
(1427, 'SNG00410'),
(1427, 'SNG00416'),
(1427, 'SNG00531'),
(1427, 'SNG00601'),
(1427, 'SNG00686'),
(1428, 'SNG00093'),
(1428, 'SNG00292'),
(1428, 'SNG00356'),
(1428, 'SNG00357'),
(1428, 'SNG00563'),
(1428, 'SNG00573'),
(1428, 'SNG00597'),
(1428, 'SNG00744'),
(1428, 'SNG00850'),
(1428, 'SNG00937'),
(1428, 'SNG00942'),
(1429, 'SNG00200'),
(1429, 'SNG00232'),
(1429, 'SNG00284'),
(1429, 'SNG00466'),
(1429, 'SNG00621'),
(1429, 'SNG00836'),
(1429, 'SNG00987'),
(1430, 'SNG00075'),
(1430, 'SNG00110'),
(1430, 'SNG00180'),
(1430, 'SNG00268'),
(1430, 'SNG00302'),
(1430, 'SNG00349'),
(1430, 'SNG00417'),
(1430, 'SNG00516'),
(1430, 'SNG00519'),
(1430, 'SNG00573'),
(1431, 'SNG00120'),
(1431, 'SNG00264'),
(1431, 'SNG00526'),
(1431, 'SNG00823'),
(1431, 'SNG00970'),
(1431, 'SNG00980'),
(1432, 'SNG00250'),
(1432, 'SNG00257'),
(1432, 'SNG00387'),
(1432, 'SNG00454'),
(1432, 'SNG00496'),
(1432, 'SNG00577'),
(1432, 'SNG00589'),
(1432, 'SNG00711'),
(1432, 'SNG00789'),
(1432, 'SNG00990'),
(1433, 'SNG00348'),
(1433, 'SNG00470'),
(1433, 'SNG00776'),
(1433, 'SNG00795'),
(1433, 'SNG00985'),
(1434, 'SNG00029'),
(1434, 'SNG00070'),
(1434, 'SNG00120'),
(1434, 'SNG00265'),
(1434, 'SNG00494'),
(1434, 'SNG00883'),
(1435, 'SNG00226'),
(1435, 'SNG00392'),
(1435, 'SNG00649'),
(1435, 'SNG00808'),
(1436, 'SNG00010'),
(1436, 'SNG00324'),
(1436, 'SNG00362'),
(1436, 'SNG00423'),
(1436, 'SNG00529'),
(1436, 'SNG00549'),
(1436, 'SNG00979'),
(1437, 'SNG00096'),
(1437, 'SNG00255'),
(1437, 'SNG00270'),
(1437, 'SNG00295'),
(1437, 'SNG00718'),
(1437, 'SNG00853'),
(1438, 'SNG00078'),
(1438, 'SNG00183'),
(1438, 'SNG00351'),
(1438, 'SNG00568'),
(1438, 'SNG00954'),
(1439, 'SNG00188'),
(1439, 'SNG00224'),
(1439, 'SNG00276'),
(1439, 'SNG00322'),
(1439, 'SNG00363'),
(1439, 'SNG00488'),
(1439, 'SNG00588'),
(1439, 'SNG00916'),
(1439, 'SNG00970'),
(1440, 'SNG00195'),
(1440, 'SNG00205'),
(1440, 'SNG00241'),
(1440, 'SNG00248'),
(1440, 'SNG00511'),
(1440, 'SNG00754'),
(1440, 'SNG00755'),
(1441, 'SNG00212'),
(1441, 'SNG00272'),
(1441, 'SNG00894'),
(1442, 'SNG00110'),
(1442, 'SNG00123'),
(1442, 'SNG00160'),
(1442, 'SNG00365'),
(1442, 'SNG00634'),
(1442, 'SNG00798'),
(1442, 'SNG00857'),
(1442, 'SNG00943'),
(1443, 'SNG00007'),
(1443, 'SNG00081'),
(1443, 'SNG00505'),
(1443, 'SNG00555'),
(1443, 'SNG00629'),
(1443, 'SNG00680'),
(1443, 'SNG00693'),
(1443, 'SNG00783'),
(1443, 'SNG00878'),
(1443, 'SNG00979'),
(1443, 'SNG00981'),
(1444, 'SNG00282'),
(1444, 'SNG00323'),
(1444, 'SNG00503'),
(1444, 'SNG00505'),
(1444, 'SNG00589'),
(1444, 'SNG00636'),
(1444, 'SNG00890'),
(1444, 'SNG00903'),
(1444, 'SNG00919'),
(1444, 'SNG00920'),
(1445, 'SNG00188'),
(1445, 'SNG00228'),
(1445, 'SNG00287'),
(1445, 'SNG00408'),
(1445, 'SNG00524'),
(1445, 'SNG00769'),
(1445, 'SNG00783'),
(1445, 'SNG00938'),
(1446, 'SNG00034'),
(1446, 'SNG00434'),
(1446, 'SNG00490'),
(1446, 'SNG00515'),
(1446, 'SNG00554'),
(1446, 'SNG00819'),
(1446, 'SNG00963'),
(1447, 'SNG00179'),
(1447, 'SNG00356'),
(1447, 'SNG00404'),
(1447, 'SNG00469'),
(1447, 'SNG00703'),
(1447, 'SNG00795'),
(1447, 'SNG00882'),
(1448, 'SNG00009'),
(1448, 'SNG00013'),
(1448, 'SNG00104'),
(1448, 'SNG00216'),
(1448, 'SNG00324'),
(1448, 'SNG00334'),
(1448, 'SNG00389'),
(1448, 'SNG00472'),
(1448, 'SNG00595'),
(1448, 'SNG00691'),
(1448, 'SNG00706'),
(1449, 'SNG00192'),
(1449, 'SNG00266'),
(1449, 'SNG00270'),
(1449, 'SNG00371'),
(1449, 'SNG00562'),
(1449, 'SNG00628'),
(1449, 'SNG00883'),
(1450, 'SNG00189'),
(1450, 'SNG00216'),
(1450, 'SNG00352'),
(1450, 'SNG00375'),
(1450, 'SNG00430'),
(1450, 'SNG00435'),
(1450, 'SNG00511'),
(1450, 'SNG00628'),
(1451, 'SNG00185'),
(1451, 'SNG00287'),
(1451, 'SNG00374'),
(1451, 'SNG00382'),
(1451, 'SNG00411'),
(1451, 'SNG00462'),
(1451, 'SNG00586'),
(1451, 'SNG00718'),
(1451, 'SNG00771'),
(1451, 'SNG00875'),
(1452, 'SNG00103'),
(1452, 'SNG00235'),
(1452, 'SNG00242'),
(1452, 'SNG00277'),
(1452, 'SNG00443'),
(1452, 'SNG00569'),
(1452, 'SNG00739'),
(1452, 'SNG00824'),
(1452, 'SNG00834'),
(1453, 'SNG00150'),
(1453, 'SNG00154'),
(1453, 'SNG00201'),
(1453, 'SNG00391'),
(1453, 'SNG00485'),
(1453, 'SNG00757'),
(1453, 'SNG00820'),
(1453, 'SNG00877'),
(1453, 'SNG00983'),
(1454, 'SNG00138'),
(1454, 'SNG00512'),
(1454, 'SNG00530'),
(1454, 'SNG00547'),
(1454, 'SNG00646'),
(1454, 'SNG00738'),
(1454, 'SNG00870'),
(1454, 'SNG00915'),
(1455, 'SNG00257'),
(1455, 'SNG00308'),
(1455, 'SNG00324'),
(1455, 'SNG00499'),
(1455, 'SNG00576'),
(1455, 'SNG00805'),
(1456, 'SNG00062'),
(1456, 'SNG00102'),
(1456, 'SNG00168'),
(1456, 'SNG00221'),
(1456, 'SNG00261'),
(1456, 'SNG00488'),
(1456, 'SNG00708'),
(1456, 'SNG00834'),
(1457, 'SNG00099'),
(1457, 'SNG00267'),
(1457, 'SNG00343'),
(1457, 'SNG00461'),
(1457, 'SNG00645'),
(1457, 'SNG00763'),
(1457, 'SNG00860'),
(1458, 'SNG00021'),
(1458, 'SNG00264'),
(1458, 'SNG00353'),
(1458, 'SNG00422'),
(1458, 'SNG00830'),
(1458, 'SNG00955'),
(1459, 'SNG00125'),
(1459, 'SNG00204'),
(1459, 'SNG00360'),
(1459, 'SNG00590'),
(1459, 'SNG00591'),
(1459, 'SNG00621'),
(1459, 'SNG00696'),
(1459, 'SNG00889'),
(1459, 'SNG00987'),
(1460, 'SNG00292'),
(1460, 'SNG00333'),
(1460, 'SNG00364'),
(1460, 'SNG00523'),
(1460, 'SNG00690'),
(1460, 'SNG00800'),
(1461, 'SNG00458'),
(1461, 'SNG00500'),
(1461, 'SNG00755'),
(1461, 'SNG00794'),
(1461, 'SNG00911'),
(1462, 'SNG00149'),
(1462, 'SNG00172'),
(1462, 'SNG00346'),
(1462, 'SNG00475'),
(1462, 'SNG00647'),
(1462, 'SNG00656'),
(1462, 'SNG00828'),
(1462, 'SNG00890'),
(1462, 'SNG00951'),
(1462, 'SNG00980'),
(1463, 'SNG00074'),
(1463, 'SNG00082'),
(1463, 'SNG00415'),
(1463, 'SNG00432'),
(1463, 'SNG00586'),
(1463, 'SNG00628'),
(1463, 'SNG00647'),
(1463, 'SNG00870'),
(1463, 'SNG00929'),
(1464, 'SNG00274'),
(1464, 'SNG00299'),
(1464, 'SNG00325'),
(1464, 'SNG00405'),
(1464, 'SNG00620'),
(1464, 'SNG00661'),
(1464, 'SNG00669'),
(1464, 'SNG00728'),
(1465, 'SNG00278'),
(1465, 'SNG00372'),
(1465, 'SNG00456'),
(1465, 'SNG00602'),
(1465, 'SNG00766'),
(1465, 'SNG00800'),
(1465, 'SNG00884'),
(1465, 'SNG00909'),
(1465, 'SNG00962'),
(1466, 'SNG00024'),
(1466, 'SNG00129'),
(1466, 'SNG00172'),
(1466, 'SNG00189'),
(1466, 'SNG00875'),
(1467, 'SNG00241'),
(1467, 'SNG00258'),
(1467, 'SNG00678'),
(1467, 'SNG00718'),
(1467, 'SNG00746'),
(1467, 'SNG00762'),
(1467, 'SNG00964'),
(1468, 'SNG00066'),
(1468, 'SNG00098'),
(1468, 'SNG00106'),
(1468, 'SNG00407'),
(1468, 'SNG00485'),
(1468, 'SNG00900'),
(1468, 'SNG00960'),
(1469, 'SNG00027'),
(1469, 'SNG00056'),
(1469, 'SNG00407'),
(1469, 'SNG00537'),
(1469, 'SNG00562'),
(1469, 'SNG00790'),
(1470, 'SNG00087'),
(1470, 'SNG00160'),
(1470, 'SNG00269'),
(1470, 'SNG00400'),
(1470, 'SNG00633'),
(1470, 'SNG00671'),
(1470, 'SNG00907'),
(1470, 'SNG00954'),
(1471, 'SNG00235'),
(1471, 'SNG00254'),
(1471, 'SNG00291'),
(1471, 'SNG00317'),
(1471, 'SNG00454'),
(1471, 'SNG00642'),
(1471, 'SNG00756'),
(1472, 'SNG00030'),
(1472, 'SNG00036'),
(1472, 'SNG00175'),
(1472, 'SNG00334'),
(1472, 'SNG00366'),
(1472, 'SNG00680'),
(1472, 'SNG00882'),
(1472, 'SNG00885'),
(1472, 'SNG00938'),
(1473, 'SNG00279'),
(1473, 'SNG00456'),
(1473, 'SNG00479'),
(1473, 'SNG00488'),
(1473, 'SNG00554'),
(1473, 'SNG00562'),
(1473, 'SNG00892'),
(1473, 'SNG00958'),
(1473, 'SNG00999'),
(1474, 'SNG00182'),
(1474, 'SNG00446'),
(1474, 'SNG00468'),
(1474, 'SNG00553'),
(1474, 'SNG00578'),
(1474, 'SNG00606'),
(1474, 'SNG00612'),
(1474, 'SNG00647'),
(1474, 'SNG00652'),
(1474, 'SNG00767'),
(1474, 'SNG00899'),
(1475, 'SNG00233'),
(1475, 'SNG00318'),
(1475, 'SNG00356'),
(1475, 'SNG00494'),
(1475, 'SNG00537'),
(1475, 'SNG00547'),
(1475, 'SNG00553'),
(1475, 'SNG00655'),
(1475, 'SNG00656'),
(1475, 'SNG00825'),
(1475, 'SNG00931'),
(1476, 'SNG00001'),
(1476, 'SNG00011'),
(1476, 'SNG00160'),
(1476, 'SNG00267'),
(1476, 'SNG00311'),
(1476, 'SNG00423'),
(1476, 'SNG00536'),
(1476, 'SNG00777'),
(1476, 'SNG00835'),
(1477, 'SNG00009'),
(1477, 'SNG00140'),
(1477, 'SNG00294'),
(1477, 'SNG00353'),
(1477, 'SNG00481'),
(1477, 'SNG00548'),
(1477, 'SNG00705'),
(1477, 'SNG00869'),
(1478, 'SNG00008'),
(1478, 'SNG00010'),
(1478, 'SNG00237'),
(1478, 'SNG00300'),
(1478, 'SNG00307'),
(1478, 'SNG00441'),
(1478, 'SNG00489'),
(1478, 'SNG00562'),
(1478, 'SNG00612'),
(1478, 'SNG00785'),
(1478, 'SNG00816'),
(1478, 'SNG00818'),
(1479, 'SNG00194'),
(1479, 'SNG00383'),
(1479, 'SNG00422'),
(1479, 'SNG00575'),
(1479, 'SNG00904'),
(1480, 'SNG00388'),
(1480, 'SNG00400'),
(1480, 'SNG00662'),
(1480, 'SNG00733'),
(1480, 'SNG00755'),
(1480, 'SNG00849'),
(1481, 'SNG00082'),
(1481, 'SNG00226'),
(1481, 'SNG00246'),
(1481, 'SNG00270'),
(1481, 'SNG00433'),
(1481, 'SNG00530'),
(1481, 'SNG00641'),
(1481, 'SNG00783'),
(1482, 'SNG00279'),
(1482, 'SNG00292'),
(1482, 'SNG00545'),
(1482, 'SNG00665'),
(1482, 'SNG00702'),
(1482, 'SNG00711'),
(1482, 'SNG00761'),
(1482, 'SNG00829'),
(1483, 'SNG00071'),
(1483, 'SNG00193'),
(1483, 'SNG00276'),
(1483, 'SNG00423'),
(1483, 'SNG00874'),
(1484, 'SNG00279'),
(1484, 'SNG00464'),
(1484, 'SNG00467'),
(1484, 'SNG00504'),
(1484, 'SNG00633'),
(1484, 'SNG00638'),
(1484, 'SNG00653'),
(1484, 'SNG00718'),
(1485, 'SNG00020'),
(1485, 'SNG00023'),
(1485, 'SNG00051'),
(1485, 'SNG00156'),
(1485, 'SNG00191'),
(1485, 'SNG00193'),
(1485, 'SNG00329'),
(1485, 'SNG00548'),
(1485, 'SNG00993'),
(1486, 'SNG00009'),
(1486, 'SNG00016'),
(1486, 'SNG00093'),
(1486, 'SNG00129'),
(1486, 'SNG00155'),
(1486, 'SNG00239'),
(1486, 'SNG00449'),
(1486, 'SNG00733'),
(1486, 'SNG00745'),
(1487, 'SNG00223'),
(1487, 'SNG00320'),
(1487, 'SNG00351'),
(1487, 'SNG00431'),
(1487, 'SNG00506'),
(1487, 'SNG00805'),
(1487, 'SNG00819'),
(1488, 'SNG00033'),
(1488, 'SNG00083'),
(1488, 'SNG00339'),
(1488, 'SNG00714'),
(1488, 'SNG00811'),
(1488, 'SNG00864'),
(1489, 'SNG00058'),
(1489, 'SNG00074'),
(1489, 'SNG00150'),
(1489, 'SNG00273'),
(1489, 'SNG00402'),
(1489, 'SNG00769'),
(1489, 'SNG00795'),
(1489, 'SNG00975'),
(1490, 'SNG00257'),
(1490, 'SNG00391'),
(1490, 'SNG00837'),
(1490, 'SNG00849'),
(1490, 'SNG00862'),
(1490, 'SNG00918'),
(1491, 'SNG00013'),
(1491, 'SNG00125'),
(1491, 'SNG00255'),
(1491, 'SNG00395'),
(1491, 'SNG00732'),
(1491, 'SNG00787'),
(1491, 'SNG00998'),
(1492, 'SNG00035'),
(1492, 'SNG00097'),
(1492, 'SNG00204'),
(1492, 'SNG00472'),
(1492, 'SNG00534'),
(1492, 'SNG00753'),
(1492, 'SNG00756'),
(1492, 'SNG00790'),
(1493, 'SNG00214'),
(1493, 'SNG00399'),
(1493, 'SNG00485'),
(1493, 'SNG00682'),
(1493, 'SNG00698'),
(1494, 'SNG00044'),
(1494, 'SNG00126'),
(1494, 'SNG00163'),
(1494, 'SNG00260'),
(1494, 'SNG00493'),
(1494, 'SNG00534'),
(1494, 'SNG00563'),
(1494, 'SNG00645'),
(1494, 'SNG00654'),
(1494, 'SNG00746'),
(1494, 'SNG00763'),
(1494, 'SNG00960'),
(1495, 'SNG00054'),
(1495, 'SNG00204'),
(1495, 'SNG00306'),
(1495, 'SNG00370'),
(1495, 'SNG00885'),
(1495, 'SNG00909'),
(1496, 'SNG00016'),
(1496, 'SNG00242'),
(1496, 'SNG00333'),
(1496, 'SNG00445'),
(1496, 'SNG00649'),
(1497, 'SNG00172'),
(1497, 'SNG00283'),
(1497, 'SNG00814'),
(1498, 'SNG00010'),
(1498, 'SNG00044'),
(1498, 'SNG00249'),
(1498, 'SNG00596'),
(1498, 'SNG00803'),
(1498, 'SNG00993'),
(1499, 'SNG00159'),
(1499, 'SNG00381'),
(1499, 'SNG00487'),
(1499, 'SNG00611'),
(1499, 'SNG00705'),
(1499, 'SNG00708');

-- user_follow_playlist
INSERT INTO user_follow_playlist (uid, plstid) VALUES
(1000, 3023),
(1002, 2122),
(1003, 2122),
(1005, 2219),
(1006, 2711),
(1007, 2898),
(1011, 2513),
(1012, 2896),
(1017, 2712),
(1019, 2328),
(1020, 2605),
(1021, 2539),
(1024, 2379),
(1026, 2745),
(1028, 2129),
(1033, 3018),
(1034, 2579),
(1037, 2197),
(1037, 2226),
(1040, 2064),
(1042, 2202),
(1043, 2065),
(1051, 2145),
(1052, 2163),
(1052, 3006),
(1053, 2958),
(1054, 2851),
(1056, 2119),
(1058, 2083),
(1062, 2198),
(1063, 2207),
(1066, 2509),
(1067, 2366),
(1076, 2822),
(1076, 3033),
(1077, 2691),
(1082, 2664),
(1084, 2881),
(1086, 2492),
(1090, 2520),
(1093, 2813),
(1094, 2582),
(1095, 2033),
(1099, 2454),
(1100, 2565),
(1101, 2316),
(1102, 2319),
(1103, 2283),
(1105, 2477),
(1105, 2511),
(1107, 2818),
(1110, 2988),
(1111, 2354),
(1113, 2195),
(1118, 2684),
(1119, 2712),
(1120, 2246),
(1122, 2023),
(1126, 2653),
(1127, 2306),
(1129, 2103),
(1129, 2313),
(1132, 2184),
(1132, 3033),
(1134, 2807),
(1135, 2303),
(1136, 2100),
(1137, 2817),
(1139, 2889),
(1140, 2276),
(1143, 2809),
(1148, 2880),
(1149, 2662),
(1152, 2748),
(1153, 2713),
(1154, 2049),
(1155, 2624),
(1156, 2905),
(1157, 2298),
(1159, 2478),
(1160, 2175),
(1161, 2230),
(1166, 2703),
(1171, 2428),
(1178, 2037),
(1178, 2771),
(1182, 2581),
(1183, 2411),
(1184, 2108),
(1187, 2136),
(1189, 2737),
(1190, 2791),
(1192, 2203),
(1193, 2646),
(1195, 2180),
(1196, 2937),
(1197, 2044),
(1198, 2624),
(1198, 2683),
(1199, 3003),
(1201, 2710),
(1205, 2126),
(1205, 2564),
(1205, 3026),
(1208, 2060),
(1208, 2573),
(1210, 2804),
(1211, 2281),
(1212, 2465),
(1213, 2854),
(1214, 2639),
(1215, 2674),
(1217, 2283),
(1220, 2276),
(1221, 2880),
(1222, 2297),
(1222, 2323),
(1222, 2650),
(1224, 2242),
(1225, 2377),
(1227, 2060),
(1227, 2652),
(1228, 2842),
(1231, 2311),
(1231, 2560),
(1232, 2378),
(1234, 2472),
(1234, 2475),
(1234, 2546),
(1235, 2472),
(1244, 2281),
(1246, 2836),
(1247, 2030),
(1248, 2415),
(1248, 2455),
(1250, 2899),
(1252, 2665),
(1254, 2829),
(1254, 2875),
(1256, 2779),
(1260, 2078),
(1264, 2503),
(1272, 2815),
(1273, 2623),
(1274, 2340),
(1277, 2111),
(1281, 2185),
(1284, 2277),
(1287, 2051),
(1288, 2413),
(1289, 2931),
(1290, 2335),
(1291, 2253),
(1292, 2174),
(1292, 2743),
(1293, 2786),
(1300, 2307),
(1301, 2332),
(1302, 2105),
(1305, 2913),
(1307, 2269),
(1308, 2518),
(1310, 3021),
(1311, 2011),
(1314, 2929),
(1315, 2839),
(1315, 2904),
(1316, 2501),
(1317, 2569),
(1320, 2303),
(1322, 2297),
(1323, 2066),
(1327, 2100),
(1327, 2223),
(1329, 2582),
(1334, 2737),
(1335, 2073),
(1336, 2754),
(1337, 2776),
(1338, 2132),
(1341, 2562),
(1343, 2429),
(1346, 2179),
(1346, 2990),
(1347, 2588),
(1349, 2531),
(1353, 3016),
(1357, 2476),
(1360, 2241),
(1361, 2424),
(1362, 2847),
(1364, 2434),
(1365, 2023),
(1369, 2614),
(1372, 2699),
(1372, 2811),
(1373, 2059),
(1374, 2692),
(1376, 2971),
(1378, 2986),
(1380, 2686),
(1381, 2947),
(1382, 2114),
(1384, 2646),
(1390, 2135),
(1390, 2305),
(1393, 2768),
(1400, 2644),
(1404, 2761),
(1404, 2925),
(1405, 2619),
(1406, 2229),
(1407, 2766),
(1408, 2189),
(1411, 2988),
(1412, 2696),
(1414, 2635),
(1414, 2670),
(1416, 2271),
(1416, 2420),
(1417, 2074),
(1417, 2940),
(1419, 2008),
(1419, 2237),
(1421, 2178),
(1423, 2211),
(1423, 2639),
(1424, 2429),
(1424, 2657),
(1425, 2410),
(1426, 2653),
(1427, 2903),
(1430, 2209),
(1431, 2423),
(1435, 2501),
(1435, 2580),
(1436, 2693),
(1437, 2908),
(1438, 2103),
(1439, 2216),
(1441, 2802),
(1442, 2913),
(1443, 2728),
(1445, 2160),
(1445, 2953),
(1448, 2199),
(1451, 2953),
(1453, 2294),
(1454, 2744),
(1457, 2676),
(1458, 2928),
(1461, 2231),
(1463, 2349),
(1465, 2260),
(1473, 2846),
(1474, 2325),
(1475, 2987),
(1477, 2882),
(1478, 2700),
(1484, 2996),
(1486, 2666),
(1487, 2199),
(1488, 2831),
(1490, 2776),
(1491, 2670),
(1493, 2185),
(1494, 2000),
(1495, 2300),
(1499, 2400),
(1499, 2915);

-- ratings
INSERT INTO ratings (rid, rate_value, comment) VALUES
(10000, 1, 'Sample rating comment 10000'),
(10001, 2, 'Sample rating comment 10001'),
(10002, 3, 'Sample rating comment 10002'),
(10003, 4, 'Sample rating comment 10003'),
(10004, 5, 'Sample rating comment 10004'),
(10005, 1, 'Sample rating comment 10005'),
(10006, 2, 'Sample rating comment 10006'),
(10007, 3, 'Sample rating comment 10007'),
(10008, 4, 'Sample rating comment 10008'),
(10009, 5, 'Sample rating comment 10009'),
(10010, 1, 'Sample rating comment 10010'),
(10011, 2, 'Sample rating comment 10011'),
(10012, 3, 'Sample rating comment 10012'),
(10013, 4, 'Sample rating comment 10013'),
(10014, 5, 'Sample rating comment 10014'),
(10015, 1, 'Sample rating comment 10015'),
(10016, 2, 'Sample rating comment 10016'),
(10017, 3, 'Sample rating comment 10017'),
(10018, 4, 'Sample rating comment 10018'),
(10019, 5, 'Sample rating comment 10019'),
(10020, 1, 'Sample rating comment 10020'),
(10021, 2, 'Sample rating comment 10021'),
(10022, 3, 'Sample rating comment 10022'),
(10023, 4, 'Sample rating comment 10023'),
(10024, 5, 'Sample rating comment 10024'),
(10025, 1, 'Sample rating comment 10025'),
(10026, 2, 'Sample rating comment 10026'),
(10027, 3, 'Sample rating comment 10027'),
(10028, 4, 'Sample rating comment 10028'),
(10029, 5, 'Sample rating comment 10029'),
(10030, 1, 'Sample rating comment 10030'),
(10031, 2, 'Sample rating comment 10031'),
(10032, 3, 'Sample rating comment 10032'),
(10033, 4, 'Sample rating comment 10033'),
(10034, 5, 'Sample rating comment 10034'),
(10035, 1, 'Sample rating comment 10035'),
(10036, 2, 'Sample rating comment 10036'),
(10037, 3, 'Sample rating comment 10037'),
(10038, 4, 'Sample rating comment 10038'),
(10039, 5, 'Sample rating comment 10039'),
(10040, 1, 'Sample rating comment 10040'),
(10041, 2, 'Sample rating comment 10041'),
(10042, 3, 'Sample rating comment 10042'),
(10043, 4, 'Sample rating comment 10043'),
(10044, 5, 'Sample rating comment 10044'),
(10045, 1, 'Sample rating comment 10045'),
(10046, 2, 'Sample rating comment 10046'),
(10047, 3, 'Sample rating comment 10047'),
(10048, 4, 'Sample rating comment 10048'),
(10049, 5, 'Sample rating comment 10049'),
(10050, 1, 'Sample rating comment 10050'),
(10051, 2, 'Sample rating comment 10051'),
(10052, 3, 'Sample rating comment 10052'),
(10053, 4, 'Sample rating comment 10053'),
(10054, 5, 'Sample rating comment 10054'),
(10055, 1, 'Sample rating comment 10055'),
(10056, 2, 'Sample rating comment 10056'),
(10057, 3, 'Sample rating comment 10057'),
(10058, 4, 'Sample rating comment 10058'),
(10059, 5, 'Sample rating comment 10059'),
(10060, 1, 'Sample rating comment 10060'),
(10061, 2, 'Sample rating comment 10061'),
(10062, 3, 'Sample rating comment 10062'),
(10063, 4, 'Sample rating comment 10063'),
(10064, 5, 'Sample rating comment 10064'),
(10065, 1, 'Sample rating comment 10065'),
(10066, 2, 'Sample rating comment 10066'),
(10067, 3, 'Sample rating comment 10067'),
(10068, 4, 'Sample rating comment 10068'),
(10069, 5, 'Sample rating comment 10069'),
(10070, 1, 'Sample rating comment 10070'),
(10071, 2, 'Sample rating comment 10071'),
(10072, 3, 'Sample rating comment 10072'),
(10073, 4, 'Sample rating comment 10073'),
(10074, 5, 'Sample rating comment 10074'),
(10075, 1, 'Sample rating comment 10075'),
(10076, 2, 'Sample rating comment 10076'),
(10077, 3, 'Sample rating comment 10077'),
(10078, 4, 'Sample rating comment 10078'),
(10079, 5, 'Sample rating comment 10079'),
(10080, 1, 'Sample rating comment 10080'),
(10081, 2, 'Sample rating comment 10081'),
(10082, 3, 'Sample rating comment 10082'),
(10083, 4, 'Sample rating comment 10083'),
(10084, 5, 'Sample rating comment 10084'),
(10085, 1, 'Sample rating comment 10085'),
(10086, 2, 'Sample rating comment 10086'),
(10087, 3, 'Sample rating comment 10087'),
(10088, 4, 'Sample rating comment 10088'),
(10089, 5, 'Sample rating comment 10089'),
(10090, 1, 'Sample rating comment 10090'),
(10091, 2, 'Sample rating comment 10091'),
(10092, 3, 'Sample rating comment 10092'),
(10093, 4, 'Sample rating comment 10093'),
(10094, 5, 'Sample rating comment 10094'),
(10095, 1, 'Sample rating comment 10095'),
(10096, 2, 'Sample rating comment 10096'),
(10097, 3, 'Sample rating comment 10097'),
(10098, 4, 'Sample rating comment 10098'),
(10099, 5, 'Sample rating comment 10099'),
(10100, 1, 'Sample rating comment 10100'),
(10101, 2, 'Sample rating comment 10101'),
(10102, 3, 'Sample rating comment 10102'),
(10103, 4, 'Sample rating comment 10103'),
(10104, 5, 'Sample rating comment 10104'),
(10105, 1, 'Sample rating comment 10105'),
(10106, 2, 'Sample rating comment 10106'),
(10107, 3, 'Sample rating comment 10107'),
(10108, 4, 'Sample rating comment 10108'),
(10109, 5, 'Sample rating comment 10109'),
(10110, 1, 'Sample rating comment 10110'),
(10111, 2, 'Sample rating comment 10111'),
(10112, 3, 'Sample rating comment 10112'),
(10113, 4, 'Sample rating comment 10113'),
(10114, 5, 'Sample rating comment 10114'),
(10115, 1, 'Sample rating comment 10115'),
(10116, 2, 'Sample rating comment 10116'),
(10117, 3, 'Sample rating comment 10117'),
(10118, 4, 'Sample rating comment 10118'),
(10119, 5, 'Sample rating comment 10119'),
(10120, 1, 'Sample rating comment 10120'),
(10121, 2, 'Sample rating comment 10121'),
(10122, 3, 'Sample rating comment 10122'),
(10123, 4, 'Sample rating comment 10123'),
(10124, 5, 'Sample rating comment 10124'),
(10125, 1, 'Sample rating comment 10125'),
(10126, 2, 'Sample rating comment 10126'),
(10127, 3, 'Sample rating comment 10127'),
(10128, 4, 'Sample rating comment 10128'),
(10129, 5, 'Sample rating comment 10129'),
(10130, 1, 'Sample rating comment 10130'),
(10131, 2, 'Sample rating comment 10131'),
(10132, 3, 'Sample rating comment 10132'),
(10133, 4, 'Sample rating comment 10133'),
(10134, 5, 'Sample rating comment 10134'),
(10135, 1, 'Sample rating comment 10135'),
(10136, 2, 'Sample rating comment 10136'),
(10137, 3, 'Sample rating comment 10137'),
(10138, 4, 'Sample rating comment 10138'),
(10139, 5, 'Sample rating comment 10139'),
(10140, 1, 'Sample rating comment 10140'),
(10141, 2, 'Sample rating comment 10141'),
(10142, 3, 'Sample rating comment 10142'),
(10143, 4, 'Sample rating comment 10143'),
(10144, 5, 'Sample rating comment 10144'),
(10145, 1, 'Sample rating comment 10145'),
(10146, 2, 'Sample rating comment 10146'),
(10147, 3, 'Sample rating comment 10147'),
(10148, 4, 'Sample rating comment 10148'),
(10149, 5, 'Sample rating comment 10149'),
(10150, 1, 'Sample rating comment 10150'),
(10151, 2, 'Sample rating comment 10151'),
(10152, 3, 'Sample rating comment 10152'),
(10153, 4, 'Sample rating comment 10153'),
(10154, 5, 'Sample rating comment 10154'),
(10155, 1, 'Sample rating comment 10155'),
(10156, 2, 'Sample rating comment 10156'),
(10157, 3, 'Sample rating comment 10157'),
(10158, 4, 'Sample rating comment 10158'),
(10159, 5, 'Sample rating comment 10159'),
(10160, 1, 'Sample rating comment 10160'),
(10161, 2, 'Sample rating comment 10161'),
(10162, 3, 'Sample rating comment 10162'),
(10163, 4, 'Sample rating comment 10163'),
(10164, 5, 'Sample rating comment 10164'),
(10165, 1, 'Sample rating comment 10165'),
(10166, 2, 'Sample rating comment 10166'),
(10167, 3, 'Sample rating comment 10167'),
(10168, 4, 'Sample rating comment 10168'),
(10169, 5, 'Sample rating comment 10169'),
(10170, 1, 'Sample rating comment 10170'),
(10171, 2, 'Sample rating comment 10171'),
(10172, 3, 'Sample rating comment 10172'),
(10173, 4, 'Sample rating comment 10173'),
(10174, 5, 'Sample rating comment 10174'),
(10175, 1, 'Sample rating comment 10175'),
(10176, 2, 'Sample rating comment 10176'),
(10177, 3, 'Sample rating comment 10177'),
(10178, 4, 'Sample rating comment 10178'),
(10179, 5, 'Sample rating comment 10179'),
(10180, 1, 'Sample rating comment 10180'),
(10181, 2, 'Sample rating comment 10181'),
(10182, 3, 'Sample rating comment 10182'),
(10183, 4, 'Sample rating comment 10183'),
(10184, 5, 'Sample rating comment 10184'),
(10185, 1, 'Sample rating comment 10185'),
(10186, 2, 'Sample rating comment 10186'),
(10187, 3, 'Sample rating comment 10187'),
(10188, 4, 'Sample rating comment 10188'),
(10189, 5, 'Sample rating comment 10189'),
(10190, 1, 'Sample rating comment 10190'),
(10191, 2, 'Sample rating comment 10191'),
(10192, 3, 'Sample rating comment 10192'),
(10193, 4, 'Sample rating comment 10193'),
(10194, 5, 'Sample rating comment 10194'),
(10195, 1, 'Sample rating comment 10195'),
(10196, 2, 'Sample rating comment 10196'),
(10197, 3, 'Sample rating comment 10197'),
(10198, 4, 'Sample rating comment 10198'),
(10199, 5, 'Sample rating comment 10199'),
(10200, 1, 'Sample rating comment 10200'),
(10201, 2, 'Sample rating comment 10201'),
(10202, 3, 'Sample rating comment 10202'),
(10203, 4, 'Sample rating comment 10203'),
(10204, 5, 'Sample rating comment 10204'),
(10205, 1, 'Sample rating comment 10205'),
(10206, 2, 'Sample rating comment 10206'),
(10207, 3, 'Sample rating comment 10207'),
(10208, 4, 'Sample rating comment 10208'),
(10209, 5, 'Sample rating comment 10209'),
(10210, 1, 'Sample rating comment 10210'),
(10211, 2, 'Sample rating comment 10211'),
(10212, 3, 'Sample rating comment 10212'),
(10213, 4, 'Sample rating comment 10213'),
(10214, 5, 'Sample rating comment 10214'),
(10215, 1, 'Sample rating comment 10215'),
(10216, 2, 'Sample rating comment 10216'),
(10217, 3, 'Sample rating comment 10217'),
(10218, 4, 'Sample rating comment 10218'),
(10219, 5, 'Sample rating comment 10219'),
(10220, 1, 'Sample rating comment 10220'),
(10221, 2, 'Sample rating comment 10221'),
(10222, 3, 'Sample rating comment 10222'),
(10223, 4, 'Sample rating comment 10223'),
(10224, 5, 'Sample rating comment 10224'),
(10225, 1, 'Sample rating comment 10225'),
(10226, 2, 'Sample rating comment 10226'),
(10227, 3, 'Sample rating comment 10227'),
(10228, 4, 'Sample rating comment 10228'),
(10229, 5, 'Sample rating comment 10229'),
(10230, 1, 'Sample rating comment 10230'),
(10231, 2, 'Sample rating comment 10231'),
(10232, 3, 'Sample rating comment 10232'),
(10233, 4, 'Sample rating comment 10233'),
(10234, 5, 'Sample rating comment 10234'),
(10235, 1, 'Sample rating comment 10235'),
(10236, 2, 'Sample rating comment 10236'),
(10237, 3, 'Sample rating comment 10237'),
(10238, 4, 'Sample rating comment 10238'),
(10239, 5, 'Sample rating comment 10239'),
(10240, 1, 'Sample rating comment 10240'),
(10241, 2, 'Sample rating comment 10241'),
(10242, 3, 'Sample rating comment 10242'),
(10243, 4, 'Sample rating comment 10243'),
(10244, 5, 'Sample rating comment 10244'),
(10245, 1, 'Sample rating comment 10245'),
(10246, 2, 'Sample rating comment 10246'),
(10247, 3, 'Sample rating comment 10247'),
(10248, 4, 'Sample rating comment 10248'),
(10249, 5, 'Sample rating comment 10249'),
(10250, 1, 'Sample rating comment 10250'),
(10251, 2, 'Sample rating comment 10251'),
(10252, 3, 'Sample rating comment 10252'),
(10253, 4, 'Sample rating comment 10253'),
(10254, 5, 'Sample rating comment 10254'),
(10255, 1, 'Sample rating comment 10255'),
(10256, 2, 'Sample rating comment 10256'),
(10257, 3, 'Sample rating comment 10257'),
(10258, 4, 'Sample rating comment 10258'),
(10259, 5, 'Sample rating comment 10259'),
(10260, 1, 'Sample rating comment 10260'),
(10261, 2, 'Sample rating comment 10261'),
(10262, 3, 'Sample rating comment 10262'),
(10263, 4, 'Sample rating comment 10263'),
(10264, 5, 'Sample rating comment 10264'),
(10265, 1, 'Sample rating comment 10265'),
(10266, 2, 'Sample rating comment 10266'),
(10267, 3, 'Sample rating comment 10267'),
(10268, 4, 'Sample rating comment 10268'),
(10269, 5, 'Sample rating comment 10269'),
(10270, 1, 'Sample rating comment 10270'),
(10271, 2, 'Sample rating comment 10271'),
(10272, 3, 'Sample rating comment 10272'),
(10273, 4, 'Sample rating comment 10273'),
(10274, 5, 'Sample rating comment 10274'),
(10275, 1, 'Sample rating comment 10275'),
(10276, 2, 'Sample rating comment 10276'),
(10277, 3, 'Sample rating comment 10277'),
(10278, 4, 'Sample rating comment 10278'),
(10279, 5, 'Sample rating comment 10279'),
(10280, 1, 'Sample rating comment 10280'),
(10281, 2, 'Sample rating comment 10281'),
(10282, 3, 'Sample rating comment 10282'),
(10283, 4, 'Sample rating comment 10283'),
(10284, 5, 'Sample rating comment 10284'),
(10285, 1, 'Sample rating comment 10285'),
(10286, 2, 'Sample rating comment 10286'),
(10287, 3, 'Sample rating comment 10287'),
(10288, 4, 'Sample rating comment 10288'),
(10289, 5, 'Sample rating comment 10289'),
(10290, 1, 'Sample rating comment 10290'),
(10291, 2, 'Sample rating comment 10291'),
(10292, 3, 'Sample rating comment 10292'),
(10293, 4, 'Sample rating comment 10293'),
(10294, 5, 'Sample rating comment 10294'),
(10295, 1, 'Sample rating comment 10295'),
(10296, 2, 'Sample rating comment 10296'),
(10297, 3, 'Sample rating comment 10297'),
(10298, 4, 'Sample rating comment 10298'),
(10299, 5, 'Sample rating comment 10299');

-- user_rates
INSERT INTO user_rates (rid, uid, sid, rated_at) VALUES
(10000, 1000, '0006YMdmPphDXTlUBHGr6Q', '2025-01-01 08:00:00'),
(10001, 1007, '0006YMdmPphDXTlUBHGr6Q', '2025-01-01 09:00:00'),
(10002, 1014, '0006YMdmPphDXTlUBHGr6Q', '2025-01-01 10:00:00'),
(10003, 1021, '000cYQJyEbqfUm6Ls0Xs4s', '2025-01-01 11:00:00'),
(10004, 1028, '000cYQJyEbqfUm6Ls0Xs4s', '2025-01-01 12:00:00'),
(10005, 1035, '000cYQJyEbqfUm6Ls0Xs4s', '2025-01-01 13:00:00'),
(10006, 1042, '000tOaXqLPh2Vce0YOpcui', '2025-01-01 14:00:00'),
(10007, 1049, '000tOaXqLPh2Vce0YOpcui', '2025-01-01 15:00:00'),
(10008, 1056, '000tOaXqLPh2Vce0YOpcui', '2025-01-01 16:00:00'),
(10009, 1063, '000xQL6tZNLJzIrtIgxqSl', '2025-01-01 17:00:00'),
(10010, 1070, '000xQL6tZNLJzIrtIgxqSl', '2025-01-01 18:00:00'),
(10011, 1077, '000xQL6tZNLJzIrtIgxqSl', '2025-01-01 19:00:00'),
(10012, 1084, '001UkMQHw4zXfFNdKpwXAF', '2025-01-01 20:00:00'),
(10013, 1091, '001UkMQHw4zXfFNdKpwXAF', '2025-01-01 21:00:00'),
(10014, 1098, '001UkMQHw4zXfFNdKpwXAF', '2025-01-01 22:00:00'),
(10015, 1105, '002xuBMSqq1a8gGk2upLXz', '2025-01-01 23:00:00'),
(10016, 1112, '002xuBMSqq1a8gGk2upLXz', '2025-01-02 00:00:00'),
(10017, 1119, '002xuBMSqq1a8gGk2upLXz', '2025-01-02 01:00:00'),
(10018, 1126, '003byyqUUr7sJdwSbJOE1Y', '2025-01-02 02:00:00'),
(10019, 1133, '003byyqUUr7sJdwSbJOE1Y', '2025-01-02 03:00:00'),
(10020, 1140, '003byyqUUr7sJdwSbJOE1Y', '2025-01-02 04:00:00'),
(10021, 1147, '003fztMsGNg91fl99yrDvt', '2025-01-02 05:00:00'),
(10022, 1154, '003fztMsGNg91fl99yrDvt', '2025-01-02 06:00:00'),
(10023, 1161, '003fztMsGNg91fl99yrDvt', '2025-01-02 07:00:00'),
(10024, 1168, '003iCn06wxW5qYmHiP4jT0', '2025-01-02 08:00:00'),
(10025, 1175, '003iCn06wxW5qYmHiP4jT0', '2025-01-02 09:00:00'),
(10026, 1182, '003iCn06wxW5qYmHiP4jT0', '2025-01-02 10:00:00'),
(10027, 1189, '004Ja2CXmd6PwpyKYR8z9Z', '2025-01-02 11:00:00'),
(10028, 1196, '004Ja2CXmd6PwpyKYR8z9Z', '2025-01-02 12:00:00'),
(10029, 1203, '004Ja2CXmd6PwpyKYR8z9Z', '2025-01-02 13:00:00'),
(10030, 1210, '004MGWWZ18SSmcryRCDosb', '2025-01-02 14:00:00'),
(10031, 1217, '004MGWWZ18SSmcryRCDosb', '2025-01-02 15:00:00'),
(10032, 1224, '004MGWWZ18SSmcryRCDosb', '2025-01-02 16:00:00'),
(10033, 1231, '004MiktqrlEPng9SDw4N9d', '2025-01-02 17:00:00'),
(10034, 1238, '004MiktqrlEPng9SDw4N9d', '2025-01-02 18:00:00'),
(10035, 1245, '004MiktqrlEPng9SDw4N9d', '2025-01-02 19:00:00'),
(10036, 1252, '004VvDQRUC6Pj0Ol0zAT4D', '2025-01-02 20:00:00'),
(10037, 1259, '004VvDQRUC6Pj0Ol0zAT4D', '2025-01-02 21:00:00'),
(10038, 1266, '004VvDQRUC6Pj0Ol0zAT4D', '2025-01-02 22:00:00'),
(10039, 1273, '0053RngWZ29LSOeHfHKb25', '2025-01-02 23:00:00'),
(10040, 1280, '0053RngWZ29LSOeHfHKb25', '2025-01-03 00:00:00'),
(10041, 1287, '0053RngWZ29LSOeHfHKb25', '2025-01-03 01:00:00'),
(10042, 1294, '005FsER7NgcTZ3uyi9tviH', '2025-01-03 02:00:00'),
(10043, 1301, '005FsER7NgcTZ3uyi9tviH', '2025-01-03 03:00:00'),
(10044, 1308, '005FsER7NgcTZ3uyi9tviH', '2025-01-03 04:00:00'),
(10045, 1315, '006aYRUyrXmeD8MbmHu8BI', '2025-01-03 05:00:00'),
(10046, 1322, '006aYRUyrXmeD8MbmHu8BI', '2025-01-03 06:00:00'),
(10047, 1329, '006aYRUyrXmeD8MbmHu8BI', '2025-01-03 07:00:00'),
(10048, 1336, '006P0lm9tV8IZleS2dUqhN', '2025-01-03 08:00:00'),
(10049, 1343, '006P0lm9tV8IZleS2dUqhN', '2025-01-03 09:00:00'),
(10050, 1350, '006P0lm9tV8IZleS2dUqhN', '2025-01-03 10:00:00'),
(10051, 1357, '006RKA1XTkko2TWvLzln9p', '2025-01-03 11:00:00'),
(10052, 1364, '006RKA1XTkko2TWvLzln9p', '2025-01-03 12:00:00'),
(10053, 1371, '006RKA1XTkko2TWvLzln9p', '2025-01-03 13:00:00'),
(10054, 1378, '006vD4LHC76MbVCG44BEL4', '2025-01-03 14:00:00'),
(10055, 1385, '006vD4LHC76MbVCG44BEL4', '2025-01-03 15:00:00'),
(10056, 1392, '006vD4LHC76MbVCG44BEL4', '2025-01-03 16:00:00'),
(10057, 1399, '007FG2fmMGCAw2x713MXMR', '2025-01-03 17:00:00'),
(10058, 1406, '007FG2fmMGCAw2x713MXMR', '2025-01-03 18:00:00'),
(10059, 1413, '007FG2fmMGCAw2x713MXMR', '2025-01-03 19:00:00'),
(10060, 1420, '007lye48HqOhkUz8x0ycuG', '2025-01-03 20:00:00'),
(10061, 1427, '007lye48HqOhkUz8x0ycuG', '2025-01-03 21:00:00'),
(10062, 1434, '007lye48HqOhkUz8x0ycuG', '2025-01-03 22:00:00'),
(10063, 1441, '007m62kH5AaeWwsFhtDFqv', '2025-01-03 23:00:00'),
(10064, 1448, '007m62kH5AaeWwsFhtDFqv', '2025-01-04 00:00:00'),
(10065, 1455, '007m62kH5AaeWwsFhtDFqv', '2025-01-04 01:00:00'),
(10066, 1462, '008i8UKFYXamWiC7A8N5gU', '2025-01-04 02:00:00'),
(10067, 1469, '008i8UKFYXamWiC7A8N5gU', '2025-01-04 03:00:00'),
(10068, 1476, '008i8UKFYXamWiC7A8N5gU', '2025-01-04 04:00:00'),
(10069, 1483, '008khIc3WjxxlhkNSPg1Zw', '2025-01-04 05:00:00'),
(10070, 1490, '008khIc3WjxxlhkNSPg1Zw', '2025-01-04 06:00:00'),
(10071, 1497, '008khIc3WjxxlhkNSPg1Zw', '2025-01-04 07:00:00'),
(10072, 1004, '009bz7FHhjUL5b54a0A6TX', '2025-01-04 08:00:00'),
(10073, 1011, '009bz7FHhjUL5b54a0A6TX', '2025-01-04 09:00:00'),
(10074, 1018, '009bz7FHhjUL5b54a0A6TX', '2025-01-04 10:00:00'),
(10075, 1025, '009DNt8Ol6VvAZRTLw0tzW', '2025-01-04 11:00:00'),
(10076, 1032, '009DNt8Ol6VvAZRTLw0tzW', '2025-01-04 12:00:00'),
(10077, 1039, '009DNt8Ol6VvAZRTLw0tzW', '2025-01-04 13:00:00'),
(10078, 1046, '00AFnb5xcyj5CJuYsXpJmf', '2025-01-04 14:00:00'),
(10079, 1053, '00AFnb5xcyj5CJuYsXpJmf', '2025-01-04 15:00:00'),
(10080, 1060, '00AFnb5xcyj5CJuYsXpJmf', '2025-01-04 16:00:00'),
(10081, 1067, '00aos0grAOEptWTr6coZGc', '2025-01-04 17:00:00'),
(10082, 1074, '00aos0grAOEptWTr6coZGc', '2025-01-04 18:00:00'),
(10083, 1081, '00aos0grAOEptWTr6coZGc', '2025-01-04 19:00:00'),
(10084, 1088, '00B7B0JNcjjK1q3jzEyGzq', '2025-01-04 20:00:00'),
(10085, 1095, '00B7B0JNcjjK1q3jzEyGzq', '2025-01-04 21:00:00'),
(10086, 1102, '00B7B0JNcjjK1q3jzEyGzq', '2025-01-04 22:00:00'),
(10087, 1109, '00B9JkkMCze4HELnPOo38s', '2025-01-04 23:00:00'),
(10088, 1116, '00B9JkkMCze4HELnPOo38s', '2025-01-05 00:00:00'),
(10089, 1123, '00B9JkkMCze4HELnPOo38s', '2025-01-05 01:00:00'),
(10090, 1130, '00BJn8eXNb3YAncSr44YJ5', '2025-01-05 02:00:00'),
(10091, 1137, '00BJn8eXNb3YAncSr44YJ5', '2025-01-05 03:00:00'),
(10092, 1144, '00BJn8eXNb3YAncSr44YJ5', '2025-01-05 04:00:00'),
(10093, 1151, '00bM2Inhzw5aq6KDjSSBvr', '2025-01-05 05:00:00'),
(10094, 1158, '00bM2Inhzw5aq6KDjSSBvr', '2025-01-05 06:00:00'),
(10095, 1165, '00bM2Inhzw5aq6KDjSSBvr', '2025-01-05 07:00:00'),
(10096, 1172, '00bsalxKqjmRePvfAlnO27', '2025-01-05 08:00:00'),
(10097, 1179, '00bsalxKqjmRePvfAlnO27', '2025-01-05 09:00:00'),
(10098, 1186, '00bsalxKqjmRePvfAlnO27', '2025-01-05 10:00:00'),
(10099, 1193, '00C0FBYaKKun8O6wPOgnjh', '2025-01-05 11:00:00'),
(10100, 1200, '00C0FBYaKKun8O6wPOgnjh', '2025-01-05 12:00:00'),
(10101, 1207, '00C0FBYaKKun8O6wPOgnjh', '2025-01-05 13:00:00'),
(10102, 1214, '00C2oDCiYyh8vL32gMypeI', '2025-01-05 14:00:00'),
(10103, 1221, '00C2oDCiYyh8vL32gMypeI', '2025-01-05 15:00:00'),
(10104, 1228, '00C2oDCiYyh8vL32gMypeI', '2025-01-05 16:00:00'),
(10105, 1235, '00C6XaIM3B7XrhYFMs5FRm', '2025-01-05 17:00:00'),
(10106, 1242, '00C6XaIM3B7XrhYFMs5FRm', '2025-01-05 18:00:00'),
(10107, 1249, '00C6XaIM3B7XrhYFMs5FRm', '2025-01-05 19:00:00'),
(10108, 1256, '00C717Xfls8kokT6Fpdh39', '2025-01-05 20:00:00'),
(10109, 1263, '00C717Xfls8kokT6Fpdh39', '2025-01-05 21:00:00'),
(10110, 1270, '00C717Xfls8kokT6Fpdh39', '2025-01-05 22:00:00'),
(10111, 1277, '00cAz18F7uLKFwls8OrhNo', '2025-01-05 23:00:00'),
(10112, 1284, '00cAz18F7uLKFwls8OrhNo', '2025-01-06 00:00:00'),
(10113, 1291, '00cAz18F7uLKFwls8OrhNo', '2025-01-06 01:00:00'),
(10114, 1298, '00CCi9yHJh7NjXcNT565Ja', '2025-01-06 02:00:00'),
(10115, 1305, '00CCi9yHJh7NjXcNT565Ja', '2025-01-06 03:00:00'),
(10116, 1312, '00CCi9yHJh7NjXcNT565Ja', '2025-01-06 04:00:00'),
(10117, 1319, '00ckwO2VqV0fZUspv0ozxp', '2025-01-06 05:00:00'),
(10118, 1326, '00ckwO2VqV0fZUspv0ozxp', '2025-01-06 06:00:00'),
(10119, 1333, '00ckwO2VqV0fZUspv0ozxp', '2025-01-06 07:00:00'),
(10120, 1340, '00COdMRIktN5YekKV8oiGW', '2025-01-06 08:00:00'),
(10121, 1347, '00COdMRIktN5YekKV8oiGW', '2025-01-06 09:00:00'),
(10122, 1354, '00COdMRIktN5YekKV8oiGW', '2025-01-06 10:00:00'),
(10123, 1361, '00cPd2FkYb0lx6ePqXJ3Bn', '2025-01-06 11:00:00'),
(10124, 1368, '00cPd2FkYb0lx6ePqXJ3Bn', '2025-01-06 12:00:00'),
(10125, 1375, '00cPd2FkYb0lx6ePqXJ3Bn', '2025-01-06 13:00:00'),
(10126, 1382, '00d0ZuvzxEbjEqwQWRQSz5', '2025-01-06 14:00:00'),
(10127, 1389, '00d0ZuvzxEbjEqwQWRQSz5', '2025-01-06 15:00:00'),
(10128, 1396, '00d0ZuvzxEbjEqwQWRQSz5', '2025-01-06 16:00:00'),
(10129, 1403, '00DHizlrkwArel3TXwqFr1', '2025-01-06 17:00:00'),
(10130, 1410, '00DHizlrkwArel3TXwqFr1', '2025-01-06 18:00:00'),
(10131, 1417, '00DHizlrkwArel3TXwqFr1', '2025-01-06 19:00:00'),
(10132, 1424, '00E9F8plGm7HzzdZMAfEkM', '2025-01-06 20:00:00'),
(10133, 1431, '00E9F8plGm7HzzdZMAfEkM', '2025-01-06 21:00:00'),
(10134, 1438, '00E9F8plGm7HzzdZMAfEkM', '2025-01-06 22:00:00'),
(10135, 1445, '00Ed07cDxlWkzBhcavS9nN', '2025-01-06 23:00:00'),
(10136, 1452, '00Ed07cDxlWkzBhcavS9nN', '2025-01-07 00:00:00'),
(10137, 1459, '00Ed07cDxlWkzBhcavS9nN', '2025-01-07 01:00:00'),
(10138, 1466, '00ejzzebnCsXHseuimEBDi', '2025-01-07 02:00:00'),
(10139, 1473, '00ejzzebnCsXHseuimEBDi', '2025-01-07 03:00:00'),
(10140, 1480, '00ejzzebnCsXHseuimEBDi', '2025-01-07 04:00:00'),
(10141, 1487, '00eKTTawn6VRmXnhHyi8IM', '2025-01-07 05:00:00'),
(10142, 1494, '00eKTTawn6VRmXnhHyi8IM', '2025-01-07 06:00:00'),
(10143, 1001, '00eKTTawn6VRmXnhHyi8IM', '2025-01-07 07:00:00'),
(10144, 1008, '00Emdtfi1s7cjB31acMIGS', '2025-01-07 08:00:00'),
(10145, 1015, '00Emdtfi1s7cjB31acMIGS', '2025-01-07 09:00:00'),
(10146, 1022, '00Emdtfi1s7cjB31acMIGS', '2025-01-07 10:00:00'),
(10147, 1029, '00EnvsY3sRruIQcgs4GRHG', '2025-01-07 11:00:00'),
(10148, 1036, '00EnvsY3sRruIQcgs4GRHG', '2025-01-07 12:00:00'),
(10149, 1043, '00EnvsY3sRruIQcgs4GRHG', '2025-01-07 13:00:00'),
(10150, 1050, '00evBpL6QjdSC8RRN22t0f', '2025-01-07 14:00:00'),
(10151, 1057, '00evBpL6QjdSC8RRN22t0f', '2025-01-07 15:00:00'),
(10152, 1064, '00evBpL6QjdSC8RRN22t0f', '2025-01-07 16:00:00'),
(10153, 1071, '00EWnXA8o4j8bgXh2Rnxf1', '2025-01-07 17:00:00'),
(10154, 1078, '00EWnXA8o4j8bgXh2Rnxf1', '2025-01-07 18:00:00'),
(10155, 1085, '00EWnXA8o4j8bgXh2Rnxf1', '2025-01-07 19:00:00'),
(10156, 1092, '00F2VJEaaldKfQCEePjnRC', '2025-01-07 20:00:00'),
(10157, 1099, '00F2VJEaaldKfQCEePjnRC', '2025-01-07 21:00:00'),
(10158, 1106, '00F2VJEaaldKfQCEePjnRC', '2025-01-07 22:00:00'),
(10159, 1113, '00F4RcFmuKirRtYryPJWaH', '2025-01-07 23:00:00'),
(10160, 1120, '00F4RcFmuKirRtYryPJWaH', '2025-01-08 00:00:00'),
(10161, 1127, '00F4RcFmuKirRtYryPJWaH', '2025-01-08 01:00:00'),
(10162, 1134, '00FaBIFXUfzaaVcsQmTTJY', '2025-01-08 02:00:00'),
(10163, 1141, '00FaBIFXUfzaaVcsQmTTJY', '2025-01-08 03:00:00'),
(10164, 1148, '00FaBIFXUfzaaVcsQmTTJY', '2025-01-08 04:00:00'),
(10165, 1155, '00Fao7b2flX7tg8fI5DT51', '2025-01-08 05:00:00'),
(10166, 1162, '00Fao7b2flX7tg8fI5DT51', '2025-01-08 06:00:00'),
(10167, 1169, '00Fao7b2flX7tg8fI5DT51', '2025-01-08 07:00:00'),
(10168, 1176, '00fBo2XrJAC0nTD0fOlxvT', '2025-01-08 08:00:00'),
(10169, 1183, '00fBo2XrJAC0nTD0fOlxvT', '2025-01-08 09:00:00'),
(10170, 1190, '00fBo2XrJAC0nTD0fOlxvT', '2025-01-08 10:00:00'),
(10171, 1197, '00ffUHgawGsRgqw7bZZkFB', '2025-01-08 11:00:00'),
(10172, 1204, '00ffUHgawGsRgqw7bZZkFB', '2025-01-08 12:00:00'),
(10173, 1211, '00ffUHgawGsRgqw7bZZkFB', '2025-01-08 13:00:00'),
(10174, 1218, '00fiQkJ7jT0mPsKcTeLTJK', '2025-01-08 14:00:00'),
(10175, 1225, '00fiQkJ7jT0mPsKcTeLTJK', '2025-01-08 15:00:00'),
(10176, 1232, '00fiQkJ7jT0mPsKcTeLTJK', '2025-01-08 16:00:00'),
(10177, 1239, '00FJcknyCeAszlcY3zVNQ3', '2025-01-08 17:00:00'),
(10178, 1246, '00FJcknyCeAszlcY3zVNQ3', '2025-01-08 18:00:00'),
(10179, 1253, '00FJcknyCeAszlcY3zVNQ3', '2025-01-08 19:00:00'),
(10180, 1260, '00Fq8a5mUisnwbEsaUWFnv', '2025-01-08 20:00:00'),
(10181, 1267, '00Fq8a5mUisnwbEsaUWFnv', '2025-01-08 21:00:00'),
(10182, 1274, '00Fq8a5mUisnwbEsaUWFnv', '2025-01-08 22:00:00'),
(10183, 1281, '00fqArVzq7EIpFMHW78KjG', '2025-01-08 23:00:00'),
(10184, 1288, '00fqArVzq7EIpFMHW78KjG', '2025-01-09 00:00:00'),
(10185, 1295, '00fqArVzq7EIpFMHW78KjG', '2025-01-09 01:00:00'),
(10186, 1302, '00fVF6qkusz4WPEkKIo3yt', '2025-01-09 02:00:00'),
(10187, 1309, '00fVF6qkusz4WPEkKIo3yt', '2025-01-09 03:00:00'),
(10188, 1316, '00fVF6qkusz4WPEkKIo3yt', '2025-01-09 04:00:00'),
(10189, 1323, '00G1BtS8r791C63yZLVc0R', '2025-01-09 05:00:00'),
(10190, 1330, '00G1BtS8r791C63yZLVc0R', '2025-01-09 06:00:00'),
(10191, 1337, '00G1BtS8r791C63yZLVc0R', '2025-01-09 07:00:00'),
(10192, 1344, '00G4R4IDRAP7VqQ7EhkJ5q', '2025-01-09 08:00:00'),
(10193, 1351, '00G4R4IDRAP7VqQ7EhkJ5q', '2025-01-09 09:00:00'),
(10194, 1358, '00G4R4IDRAP7VqQ7EhkJ5q', '2025-01-09 10:00:00'),
(10195, 1365, '00GDNAcL3oyT18FNqI1uVc', '2025-01-09 11:00:00'),
(10196, 1372, '00GDNAcL3oyT18FNqI1uVc', '2025-01-09 12:00:00'),
(10197, 1379, '00GDNAcL3oyT18FNqI1uVc', '2025-01-09 13:00:00'),
(10198, 1386, '00Gff5ReMkVXCAUGV8nRQL', '2025-01-09 14:00:00'),
(10199, 1393, '00Gff5ReMkVXCAUGV8nRQL', '2025-01-09 15:00:00'),
(10200, 1400, '00Gff5ReMkVXCAUGV8nRQL', '2025-01-09 16:00:00'),
(10201, 1407, '00GFy9VlxQ87EKMghImrQQ', '2025-01-09 17:00:00'),
(10202, 1414, '00GFy9VlxQ87EKMghImrQQ', '2025-01-09 18:00:00'),
(10203, 1421, '00GFy9VlxQ87EKMghImrQQ', '2025-01-09 19:00:00'),
(10204, 1428, '00GGKIsTcLzVC2L6XzjF0w', '2025-01-09 20:00:00'),
(10205, 1435, '00GGKIsTcLzVC2L6XzjF0w', '2025-01-09 21:00:00'),
(10206, 1442, '00GGKIsTcLzVC2L6XzjF0w', '2025-01-09 22:00:00'),
(10207, 1449, '00gkwfZmc1gL64AiUtLBx2', '2025-01-09 23:00:00'),
(10208, 1456, '00gkwfZmc1gL64AiUtLBx2', '2025-01-10 00:00:00'),
(10209, 1463, '00gkwfZmc1gL64AiUtLBx2', '2025-01-10 01:00:00'),
(10210, 1470, '00GqrFfSDSyjmlvfUrGn00', '2025-01-10 02:00:00'),
(10211, 1477, '00GqrFfSDSyjmlvfUrGn00', '2025-01-10 03:00:00'),
(10212, 1484, '00GqrFfSDSyjmlvfUrGn00', '2025-01-10 04:00:00'),
(10213, 1491, '00gv4qulrklCVMlGSB4Y0h', '2025-01-10 05:00:00'),
(10214, 1498, '00gv4qulrklCVMlGSB4Y0h', '2025-01-10 06:00:00'),
(10215, 1005, '00gv4qulrklCVMlGSB4Y0h', '2025-01-10 07:00:00'),
(10216, 1012, '00H2GPKQ37XHdOxAPGacdL', '2025-01-10 08:00:00'),
(10217, 1019, '00H2GPKQ37XHdOxAPGacdL', '2025-01-10 09:00:00'),
(10218, 1026, '00H2GPKQ37XHdOxAPGacdL', '2025-01-10 10:00:00'),
(10219, 1033, '00H2pJaGWHLFudWwImfAuf', '2025-01-10 11:00:00'),
(10220, 1040, '00H2pJaGWHLFudWwImfAuf', '2025-01-10 12:00:00'),
(10221, 1047, '00H2pJaGWHLFudWwImfAuf', '2025-01-10 13:00:00'),
(10222, 1054, '00HbieW0v8IFt0BijPRkvf', '2025-01-10 14:00:00'),
(10223, 1061, '00HbieW0v8IFt0BijPRkvf', '2025-01-10 15:00:00'),
(10224, 1068, '00HbieW0v8IFt0BijPRkvf', '2025-01-10 16:00:00'),
(10225, 1075, '00hDAL3VLrDjM3iwZ6usOt', '2025-01-10 17:00:00'),
(10226, 1082, '00hDAL3VLrDjM3iwZ6usOt', '2025-01-10 18:00:00'),
(10227, 1089, '00hDAL3VLrDjM3iwZ6usOt', '2025-01-10 19:00:00'),
(10228, 1096, '00HhqW3LKeaquADB7EF2Y2', '2025-01-10 20:00:00'),
(10229, 1103, '00HhqW3LKeaquADB7EF2Y2', '2025-01-10 21:00:00'),
(10230, 1110, '00HhqW3LKeaquADB7EF2Y2', '2025-01-10 22:00:00'),
(10231, 1117, '00HOwyVDkgisKc6hnHkVtD', '2025-01-10 23:00:00'),
(10232, 1124, '00HOwyVDkgisKc6hnHkVtD', '2025-01-11 00:00:00'),
(10233, 1131, '00HOwyVDkgisKc6hnHkVtD', '2025-01-11 01:00:00'),
(10234, 1138, '00HRg0uKx79wjYQDt5Bxoe', '2025-01-11 02:00:00'),
(10235, 1145, '00HRg0uKx79wjYQDt5Bxoe', '2025-01-11 03:00:00'),
(10236, 1152, '00HRg0uKx79wjYQDt5Bxoe', '2025-01-11 04:00:00'),
(10237, 1159, '00hRJNIVDISCeAzoQ4svGr', '2025-01-11 05:00:00'),
(10238, 1166, '00hRJNIVDISCeAzoQ4svGr', '2025-01-11 06:00:00'),
(10239, 1173, '00hRJNIVDISCeAzoQ4svGr', '2025-01-11 07:00:00'),
(10240, 1180, '00HvF4Y4vbjFs3ZpOheGw3', '2025-01-11 08:00:00'),
(10241, 1187, '00I2PldqkZbz6Nd2qiDLz1', '2025-01-11 09:00:00'),
(10242, 1194, '00I2PldqkZbz6Nd2qiDLz1', '2025-01-11 10:00:00'),
(10243, 1201, '00IJTAuGCiMQzggg8EXjCs', '2025-01-11 11:00:00'),
(10244, 1208, '00IJTAuGCiMQzggg8EXjCs', '2025-01-11 12:00:00'),
(10245, 1215, '00IJTAuGCiMQzggg8EXjCs', '2025-01-11 13:00:00'),
(10246, 1222, '00il8LnKuSL9NtFWe8mL1l', '2025-01-11 14:00:00'),
(10247, 1229, '00il8LnKuSL9NtFWe8mL1l', '2025-01-11 15:00:00'),
(10248, 1236, '00il8LnKuSL9NtFWe8mL1l', '2025-01-11 16:00:00'),
(10249, 1243, '00il8LnKuSL9NtFWe8mL1l', '2025-01-11 17:00:00'),
(10250, 1250, '00IzlcPXznbuzn9K9jXErY', '2025-01-11 18:00:00'),
(10251, 1257, '00IzlcPXznbuzn9K9jXErY', '2025-01-11 19:00:00'),
(10252, 1264, '00IzlcPXznbuzn9K9jXErY', '2025-01-11 20:00:00'),
(10253, 1271, '00IzlcPXznbuzn9K9jXErY', '2025-01-11 21:00:00'),
(10254, 1278, '00IzlcPXznbuzn9K9jXErY', '2025-01-11 22:00:00'),
(10255, 1285, '00JAKtZHZ3gsFya8mCi4Oz', '2025-01-11 23:00:00'),
(10256, 1292, '00JAKtZHZ3gsFya8mCi4Oz', '2025-01-12 00:00:00'),
(10257, 1299, '00jD5WnyVDCOlIFiXUlOQJ', '2025-01-12 01:00:00'),
(10258, 1306, '00jD5WnyVDCOlIFiXUlOQJ', '2025-01-12 02:00:00'),
(10259, 1313, '00jD5WnyVDCOlIFiXUlOQJ', '2025-01-12 03:00:00'),
(10260, 1320, '00jFgdw0IP26216mrcWrdL', '2025-01-12 04:00:00'),
(10261, 1327, '00jFgdw0IP26216mrcWrdL', '2025-01-12 05:00:00'),
(10262, 1334, '00jFgdw0IP26216mrcWrdL', '2025-01-12 06:00:00'),
(10263, 1341, '00jFgdw0IP26216mrcWrdL', '2025-01-12 07:00:00'),
(10264, 1348, '00JK55HzoPeO1wAc513uiJ', '2025-01-12 08:00:00'),
(10265, 1355, '00JK55HzoPeO1wAc513uiJ', '2025-01-12 09:00:00'),
(10266, 1362, '00JK55HzoPeO1wAc513uiJ', '2025-01-12 10:00:00'),
(10267, 1369, '00JK55HzoPeO1wAc513uiJ', '2025-01-12 11:00:00'),
(10268, 1376, '00JK55HzoPeO1wAc513uiJ', '2025-01-12 12:00:00'),
(10269, 1383, '00jOL17JcLWpAYBvTgCsuN', '2025-01-12 13:00:00'),
(10270, 1390, '00jwvLxllpk7oG5bRJ7fdu', '2025-01-12 14:00:00'),
(10271, 1397, '00jwvLxllpk7oG5bRJ7fdu', '2025-01-12 15:00:00'),
(10272, 1404, '00K4gXj7RbTDXdhEOm0t8k', '2025-01-12 16:00:00'),
(10273, 1411, '00K4gXj7RbTDXdhEOm0t8k', '2025-01-12 17:00:00'),
(10274, 1418, '00K4gXj7RbTDXdhEOm0t8k', '2025-01-12 18:00:00'),
(10275, 1425, '00KdsZvaIrw8Kms7LTCkc8', '2025-01-12 19:00:00'),
(10276, 1432, '00KdsZvaIrw8Kms7LTCkc8', '2025-01-12 20:00:00'),
(10277, 1439, '00KdsZvaIrw8Kms7LTCkc8', '2025-01-12 21:00:00'),
(10278, 1446, '00KdsZvaIrw8Kms7LTCkc8', '2025-01-12 22:00:00'),
(10279, 1453, '00kNAeqHgXKOb07FxEgg4n', '2025-01-12 23:00:00'),
(10280, 1460, '00kNAeqHgXKOb07FxEgg4n', '2025-01-13 00:00:00'),
(10281, 1467, '00kNAeqHgXKOb07FxEgg4n', '2025-01-13 01:00:00'),
(10282, 1474, '00kNAeqHgXKOb07FxEgg4n', '2025-01-13 02:00:00'),
(10283, 1481, '00kNAeqHgXKOb07FxEgg4n', '2025-01-13 03:00:00'),
(10284, 1488, '00l4aEriYXKqGYQDAmtCsx', '2025-01-13 04:00:00'),
(10285, 1495, '00l4aEriYXKqGYQDAmtCsx', '2025-01-13 05:00:00'),
(10286, 1002, '00L7Ii301oBrir1nrioeBj', '2025-01-13 06:00:00'),
(10287, 1009, '00L7Ii301oBrir1nrioeBj', '2025-01-13 07:00:00'),
(10288, 1016, '00L7Ii301oBrir1nrioeBj', '2025-01-13 08:00:00'),
(10289, 1023, '00lCvmzblv4wonYvvGJTIf', '2025-01-13 09:00:00'),
(10290, 1030, '00lCvmzblv4wonYvvGJTIf', '2025-01-13 10:00:00'),
(10291, 1037, '00lCvmzblv4wonYvvGJTIf', '2025-01-13 11:00:00'),
(10292, 1044, '00lCvmzblv4wonYvvGJTIf', '2025-01-13 12:00:00'),
(10293, 1051, '00lRraUDWSVgsHdh7QnO5u', '2025-01-13 13:00:00'),
(10294, 1058, '00lRraUDWSVgsHdh7QnO5u', '2025-01-13 14:00:00'),
(10295, 1065, '00LVob9gojNEiX3uY3XIYb', '2025-01-13 15:00:00'),
(10296, 1072, '00LVob9gojNEiX3uY3XIYb', '2025-01-13 16:00:00'),
(10297, 1079, '00LVob9gojNEiX3uY3XIYb', '2025-01-13 17:00:00'),
(10298, 1086, '00LYE5DIAMajdhtqCzXMaR', '2025-01-13 18:00:00'),
(10299, 1093, '00LYE5DIAMajdhtqCzXMaR', '2025-01-13 19:00:00');

-- vip_users
INSERT INTO vip_users (uid, start_date, end_date) VALUES
(1018, '2025-02-01', '2025-09-02'),
(1021, '2025-04-07', '2025-11-24'),
(1036, '2024-12-18', NULL),
(1095, '2025-01-13', '2025-11-27'),
(1103, '2025-03-11', NULL),
(1110, '2025-09-18', NULL),
(1120, '2025-10-02', '2026-09-01'),
(1146, '2025-03-30', NULL),
(1170, '2025-11-10', '2025-12-16'),
(1177, '2025-01-01', NULL),
(1245, '2024-11-27', '2025-08-30'),
(1272, '2025-11-02', '2026-10-01'),
(1281, '2025-05-25', NULL),
(1283, '2025-09-15', NULL),
(1294, '2025-01-02', NULL),
(1298, '2025-06-10', '2025-08-28'),
(1328, '2025-09-24', '2026-09-12'),
(1331, '2025-03-10', NULL),
(1332, '2025-09-30', '2026-08-29'),
(1344, '2025-08-14', '2026-07-23'),
(1349, '2025-07-17', NULL),
(1378, '2025-02-24', NULL),
(1437, '2025-10-23', NULL),
(1440, '2025-02-16', NULL),
(1453, '2024-12-07', NULL),
(1457, '2025-03-27', NULL),
(1464, '2024-12-28', NULL),
(1467, '2025-04-10', '2026-03-19');
SET FOREIGN_KEY_CHECKS = 1;